time_sec,risk_score,risk_level,alert_triggered,explanation
59,12.302220302007592,GREEN,0,Vitals stable
60,12.694995418684297,GREEN,0,Vitals stable
61,14.316132382486751,GREEN,0,Vitals stable
62,12.155847504347228,GREEN,0,Vitals stable
63,14.140592403664291,GREEN,0,Vitals stable
64,16.445334314612683,GREEN,0,Vitals stable
65,15.069265999266056,GREEN,0,Vitals stable
66,16.844487949529,GREEN,0,Vitals stable
67,12.589102820798765,GREEN,0,Vitals stable
68,10.662833199286604,GREEN,0,Vitals stable
69,10.652417743562449,GREEN,0,Vitals stable
70,10.21144596666899,GREEN,0,Vitals stable
71,10.883721808033592,GREEN,0,Vitals stable
72,12.637362897195452,GREEN,0,Vitals stable
73,16.838750036088364,GREEN,0,Vitals stable
74,14.848949334827989,GREEN,0,Vitals stable
75,18.045992342541815,GREEN,0,Vitals stable
76,19.92727756224755,GREEN,0,Vitals stable
77,17.919623096645584,GREEN,0,Vitals stable
78,15.67382866739166,GREEN,0,Vitals stable
79,16.42326186176775,GREEN,0,Vitals stable
80,20.37592605195227,GREEN,0,Vitals stable
81,19.09528728889334,GREEN,0,Vitals stable
82,18.125745045865894,GREEN,0,Vitals stable
83,16.106612066975494,GREEN,0,Vitals stable
84,14.695961772226063,GREEN,0,Vitals stable
85,11.908614262542953,GREEN,0,Vitals stable
86,7.343836898195382,GREEN,0,Vitals stable
87,8.688338997776311,GREEN,0,Vitals stable
88,10.020940187482694,GREEN,0,Vitals stable
89,11.24497033654898,GREEN,0,Vitals stable
90,7.722661381893688,GREEN,0,Vitals stable
91,8.852882213426996,GREEN,0,Vitals stable
92,9.384142746278124,GREEN,0,Vitals stable
93,7.016735675042512,GREEN,0,Vitals stable
94,5.854171847981243,GREEN,0,Vitals stable
95,5.677040780786238,GREEN,0,Vitals stable
96,6.2951534452953455,GREEN,0,Vitals stable
97,2.660646146961982,GREEN,0,Vitals stable
98,5.309630176056487,GREEN,0,Vitals stable
99,5.184510050807041,GREEN,0,Vitals stable
100,9.159721488590725,GREEN,0,Vitals stable
101,11.957646275009358,GREEN,0,Vitals stable
102,8.606201428751389,GREEN,0,Vitals stable
103,9.332319625873216,GREEN,0,Vitals stable
104,13.794035348201554,GREEN,0,Vitals stable
105,11.381465439438172,GREEN,0,Vitals stable
106,19.679165090572173,GREEN,0,Vitals stable
107,17.39936657064006,GREEN,0,Vitals stable
108,11.380392026433649,GREEN,0,Vitals stable
109,7.94262162686911,GREEN,0,Vitals stable
110,8.164814118196063,GREEN,0,Vitals stable
111,6.98196611808731,GREEN,0,Vitals stable
112,4.543386305424796,GREEN,0,Vitals stable
113,5.088154286800343,GREEN,0,Vitals stable
114,4.456896676690217,GREEN,0,Vitals stable
115,4.706518710823488,GREEN,0,Vitals stable
116,4.347644660067664,GREEN,0,Vitals stable
117,4.999333784437325,GREEN,0,Vitals stable
118,3.9372172010807143,GREEN,0,Vitals stable
119,4.095098459896762,GREEN,0,Vitals stable
120,5.324808380084217,GREEN,0,Vitals stable
121,5.883990927833948,GREEN,0,Vitals stable
122,7.733980163480498,GREEN,0,Vitals stable
123,6.299838153832401,GREEN,0,Vitals stable
124,6.526848866071551,GREEN,0,Vitals stable
125,6.349210863458566,GREEN,0,Vitals stable
126,7.881837369494125,GREEN,0,Vitals stable
127,5.9018315308564135,GREEN,0,Vitals stable
128,7.982863069509305,GREEN,0,Vitals stable
129,9.055580792549735,GREEN,0,Vitals stable
130,10.250005604172827,GREEN,0,Vitals stable
131,8.97310227559452,GREEN,0,Vitals stable
132,8.83667795700825,GREEN,0,Vitals stable
133,8.657499425627536,GREEN,0,Vitals stable
134,10.10816342006781,GREEN,0,Vitals stable
135,9.103943647890553,GREEN,0,Vitals stable
136,7.342746672315758,GREEN,0,Vitals stable
137,6.027529140610015,GREEN,0,Vitals stable
138,6.5402427124924,GREEN,0,Vitals stable
139,4.407634791079146,GREEN,0,Vitals stable
140,3.946875460104649,GREEN,0,Vitals stable
141,2.4337153464772063,GREEN,0,Vitals stable
142,1.0868721962134569,GREEN,0,Vitals stable
143,1.6453330978831555,GREEN,0,Vitals stable
144,3.1912709511887867,GREEN,0,Vitals stable
145,4.277061601882455,GREEN,0,Vitals stable
146,6.03733049799266,GREEN,0,Vitals stable
147,6.94559287589222,GREEN,0,Vitals stable
148,6.143468591614896,GREEN,0,Vitals stable
149,3.3511372643832913,GREEN,0,Vitals stable
150,5.570244377743788,GREEN,0,Vitals stable
151,10.029439076058615,GREEN,0,Vitals stable
152,8.791633060023178,GREEN,0,Vitals stable
153,7.539277034027412,GREEN,0,Vitals stable
154,4.6765390395534805,GREEN,0,Vitals stable
155,2.921286410175878,GREEN,0,Vitals stable
156,3.359775442757859,GREEN,0,Vitals stable
157,7.312948640772554,GREEN,0,Vitals stable
158,8.742082492520138,GREEN,0,Vitals stable
159,7.089195565252667,GREEN,0,Vitals stable
160,5.954711861208423,GREEN,0,Vitals stable
161,8.829907302152325,GREEN,0,Vitals stable
162,8.393795512189108,GREEN,0,Vitals stable
163,6.5049323353752095,GREEN,0,Vitals stable
164,8.404442147840049,GREEN,0,Vitals stable
165,9.990273042648845,GREEN,0,Vitals stable
166,2.955099724880486,GREEN,0,Vitals stable
167,3.810106136881669,GREEN,0,Vitals stable
168,6.800609553095774,GREEN,0,Vitals stable
169,7.581202715377072,GREEN,0,Vitals stable
170,9.69671138329952,GREEN,0,Vitals stable
171,5.780161783788443,GREEN,0,Vitals stable
172,5.504060510963582,GREEN,0,Vitals stable
173,9.720673470995752,GREEN,0,Vitals stable
174,11.356655001488823,GREEN,0,Vitals stable
175,10.784772421661094,GREEN,0,Vitals stable
176,11.296091277678183,GREEN,0,Vitals stable
177,14.341054354033895,GREEN,0,Vitals stable
178,10.137502667001474,GREEN,0,Vitals stable
179,8.697035507288444,GREEN,0,Vitals stable
180,10.612595956221297,GREEN,0,Vitals stable
181,16.48838451443197,GREEN,0,Vitals stable
182,11.550057218144296,GREEN,0,Vitals stable
183,11.855590462625294,GREEN,0,Vitals stable
184,10.792151135253508,GREEN,0,Vitals stable
185,7.919295133778123,GREEN,0,Vitals stable
186,8.525075864906235,GREEN,0,Vitals stable
187,7.768101986761125,GREEN,0,Vitals stable
188,8.521724523412333,GREEN,0,Vitals stable
189,10.64485374653502,GREEN,0,Vitals stable
190,9.35366861342936,GREEN,0,Vitals stable
191,7.332580363666923,GREEN,0,Vitals stable
192,9.049712232515525,GREEN,0,Vitals stable
193,12.764890443624829,GREEN,0,Vitals stable
194,13.497281850683091,GREEN,0,Vitals stable
195,17.036610817315207,GREEN,0,Vitals stable
196,12.93634907145078,GREEN,0,Vitals stable
197,14.410635680200976,GREEN,0,Vitals stable
198,15.167141413736449,GREEN,0,Vitals stable
199,14.785516151512256,GREEN,0,Vitals stable
200,15.428979234479575,GREEN,0,Vitals stable
201,13.146708547527922,GREEN,0,Vitals stable
202,12.291263354298904,GREEN,0,Vitals stable
203,12.051050648534916,GREEN,0,Vitals stable
204,13.5753102510705,GREEN,0,Vitals stable
205,12.637698422918824,GREEN,0,Vitals stable
206,12.51663110075629,GREEN,0,Vitals stable
207,12.816851054596448,GREEN,0,Vitals stable
208,12.019677176528136,GREEN,0,Vitals stable
209,13.937598869574344,GREEN,0,Vitals stable
210,15.318524408011625,GREEN,0,Vitals stable
211,13.281990205285558,GREEN,0,Vitals stable
212,12.108724535468983,GREEN,0,Vitals stable
213,7.782589867842452,GREEN,0,Vitals stable
214,6.416142591429376,GREEN,0,Vitals stable
215,8.096836919603776,GREEN,0,Vitals stable
216,6.783223473381054,GREEN,0,Vitals stable
217,5.7184380658197,GREEN,0,Vitals stable
218,5.710846576814898,GREEN,0,Vitals stable
219,2.871737625654369,GREEN,0,Vitals stable
220,3.9740175206736894,GREEN,0,Vitals stable
221,3.2806350195393947,GREEN,0,Vitals stable
222,2.7110263947044784,GREEN,0,Vitals stable
223,2.856803543086974,GREEN,0,Vitals stable
224,1.728372038949607,GREEN,0,Vitals stable
225,2.082644583913934,GREEN,0,Vitals stable
226,3.4037295384146034,GREEN,0,Vitals stable
227,5.721145686840835,GREEN,0,Vitals stable
228,6.988253307928465,GREEN,0,Vitals stable
229,3.942096219126016,GREEN,0,Vitals stable
230,3.3682101251210605,GREEN,0,Vitals stable
231,3.4215627636095047,GREEN,0,Vitals stable
232,3.669851934508771,GREEN,0,Vitals stable
233,2.075556899367496,GREEN,0,Vitals stable
234,5.423560507209067,GREEN,0,Vitals stable
235,5.748910682959419,GREEN,0,Vitals stable
236,8.199454524425839,GREEN,0,Vitals stable
237,7.749032484935898,GREEN,0,Vitals stable
238,9.126487953193928,GREEN,0,Vitals stable
239,9.645301434001375,GREEN,0,Vitals stable
240,10.786503591831512,GREEN,0,Vitals stable
241,13.255247112402971,GREEN,0,Vitals stable
242,10.342685558128377,GREEN,0,Vitals stable
243,9.684747321206874,GREEN,0,Vitals stable
244,10.407262402259814,GREEN,0,Vitals stable
245,9.52064479700541,GREEN,0,Vitals stable
246,6.836871714107584,GREEN,0,Vitals stable
247,9.68576210402387,GREEN,0,Vitals stable
248,7.314703787754543,GREEN,0,Vitals stable
249,4.969242887826537,GREEN,0,Vitals stable
250,8.812657688839481,GREEN,0,Vitals stable
251,8.740721656247423,GREEN,0,Vitals stable
252,17.214771998309,GREEN,0,Vitals stable
253,13.911425477975165,GREEN,0,Vitals stable
254,12.904053203881093,GREEN,0,Vitals stable
255,6.28948189562885,GREEN,0,Vitals stable
256,3.979292617481482,GREEN,0,Vitals stable
257,3.3453919051446688,GREEN,0,Vitals stable
258,4.191962918988324,GREEN,0,Vitals stable
259,11.276386937115662,GREEN,0,Vitals stable
260,10.090603112787631,GREEN,0,Vitals stable
261,10.047310110883096,GREEN,0,Vitals stable
262,10.936414362814295,GREEN,0,Vitals stable
263,15.402474910253693,GREEN,0,Vitals stable
264,16.649306400911264,GREEN,0,Vitals stable
265,14.20122639029154,GREEN,0,Vitals stable
266,7.577710868877136,GREEN,0,Vitals stable
267,9.774838671045709,GREEN,0,Vitals stable
268,12.10388362693362,GREEN,0,Vitals stable
269,10.142431575677328,GREEN,0,Vitals stable
270,8.5294311291083,GREEN,0,Vitals stable
271,7.572616355435883,GREEN,0,Vitals stable
272,4.068912121692381,GREEN,0,Vitals stable
273,4.210907394356868,GREEN,0,Vitals stable
274,4.167803517780752,GREEN,0,Vitals stable
275,3.2573342054366226,GREEN,0,Vitals stable
276,3.611171796331067,GREEN,0,Vitals stable
277,6.512260964021122,GREEN,0,Vitals stable
278,5.16107989930542,GREEN,0,Vitals stable
279,6.753685644105365,GREEN,0,Vitals stable
280,7.2102504979497075,GREEN,0,Vitals stable
281,8.716104851622209,GREEN,0,Vitals stable
282,10.133631721339794,GREEN,0,Vitals stable
283,10.681135362495684,GREEN,0,Vitals stable
284,13.877133399381377,GREEN,0,Vitals stable
285,13.00783968352081,GREEN,0,Vitals stable
286,10.846524928619909,GREEN,0,Vitals stable
287,10.21330678271834,GREEN,0,Vitals stable
288,11.351702508741017,GREEN,0,Vitals stable
289,5.553387167834242,GREEN,0,Vitals stable
290,4.715175127324432,GREEN,0,Vitals stable
291,5.3986041603969275,GREEN,0,Vitals stable
292,5.161822869910129,GREEN,0,Vitals stable
293,1.7984115012954838,GREEN,0,Vitals stable
294,1.7483672026890864,GREEN,0,Vitals stable
295,2.6353917780400637,GREEN,0,Vitals stable
296,7.592397748489571,GREEN,0,Vitals stable
297,7.644049904259196,GREEN,0,Vitals stable
298,8.086304483165176,GREEN,0,Vitals stable
299,6.257897221297898,GREEN,0,Vitals stable
300,16.33095956877161,GREEN,0,Vitals stable
301,27.268528478394945,GREEN,0,Vitals stable
302,30.48240991411047,GREEN,0,Vitals stable
303,36.30109754064633,GREEN,0,Vitals stable
304,38.38426597905059,GREEN,0,Vitals stable
305,36.75271995668819,GREEN,0,Vitals stable
306,33.76621064888918,GREEN,0,Vitals stable
307,34.639439811433924,GREEN,0,Vitals stable
308,32.60461392930115,GREEN,0,Vitals stable
309,32.911818969208205,GREEN,0,Vitals stable
310,30.120868580890473,GREEN,0,Vitals stable
311,29.890443116651735,GREEN,0,Vitals stable
312,29.055607328492556,GREEN,0,Vitals stable
313,28.28721737645616,GREEN,0,Vitals stable
314,27.41643889315137,GREEN,0,Vitals stable
315,24.56700507116307,GREEN,0,Vitals stable
316,25.455614632803385,GREEN,0,Vitals stable
317,23.46486906986925,GREEN,0,Vitals stable
318,23.148395938266216,GREEN,0,Vitals stable
319,24.63263164876765,GREEN,0,Vitals stable
320,24.49166072862673,GREEN,0,Vitals stable
321,27.918286435814633,GREEN,0,Vitals stable
322,31.76413416532589,GREEN,0,Vitals stable
323,28.89094317024946,GREEN,0,Vitals stable
324,32.642756134213265,GREEN,0,Vitals stable
325,31.79967651522053,GREEN,0,Vitals stable
326,32.61751309549397,GREEN,0,Vitals stable
327,30.833846453148578,GREEN,0,Vitals stable
328,30.795422490533596,GREEN,0,Vitals stable
329,32.3348697009001,GREEN,0,Vitals stable
330,29.008456160751273,GREEN,0,Vitals stable
331,28.727390020786252,GREEN,0,Vitals stable
332,24.465474058350928,GREEN,0,Vitals stable
333,17.414827623615277,GREEN,0,Vitals stable
334,14.025071001762552,GREEN,0,Vitals stable
335,15.3242634815641,GREEN,0,Vitals stable
336,18.34746414511482,GREEN,0,Vitals stable
337,15.993908907190114,GREEN,0,Vitals stable
338,17.557134858955184,GREEN,0,Vitals stable
339,16.65810376997401,GREEN,0,Vitals stable
340,20.014671904489884,GREEN,0,Vitals stable
341,15.433711474121775,GREEN,0,Vitals stable
342,18.156496392987577,GREEN,0,Vitals stable
343,19.847063463329004,GREEN,0,Vitals stable
344,17.830408474144864,GREEN,0,Vitals stable
345,19.16861689728866,GREEN,0,Vitals stable
346,17.184814331178504,GREEN,0,Vitals stable
347,19.537230312475504,GREEN,0,Vitals stable
348,18.96783455289161,GREEN,0,Vitals stable
349,18.61400172541527,GREEN,0,Vitals stable
350,18.2400026810542,GREEN,0,Vitals stable
351,17.858423944195525,GREEN,0,Vitals stable
352,19.372785349915773,GREEN,0,Vitals stable
353,16.75613781395492,GREEN,0,Vitals stable
354,13.710222570221434,GREEN,0,Vitals stable
355,12.362593035405265,GREEN,0,Vitals stable
356,17.287822911953686,GREEN,0,Vitals stable
357,15.64108429060756,GREEN,0,Vitals stable
358,17.231906509761988,GREEN,0,Vitals stable
359,16.06503179861813,GREEN,0,Vitals stable
360,13.99442731445763,GREEN,0,Vitals stable
361,15.741314874240498,GREEN,0,Vitals stable
362,13.024485915535028,GREEN,0,Vitals stable
363,11.508337258543383,GREEN,0,Vitals stable
364,8.82853941308584,GREEN,0,Vitals stable
365,9.18494453440654,GREEN,0,Vitals stable
366,7.594592514305568,GREEN,0,Vitals stable
367,13.095409765286137,GREEN,0,Vitals stable
368,10.662136923874348,GREEN,0,Vitals stable
369,8.826494564317478,GREEN,0,Vitals stable
370,7.391392558226691,GREEN,0,Vitals stable
371,6.778036338296498,GREEN,0,Vitals stable
372,7.987987603393895,GREEN,0,Vitals stable
373,7.418416504250785,GREEN,0,Vitals stable
374,9.60090683855672,GREEN,0,Vitals stable
375,7.274087997522047,GREEN,0,Vitals stable
376,9.885772473627274,GREEN,0,Vitals stable
377,6.94637862871163,GREEN,0,Vitals stable
378,11.934040832381418,GREEN,0,Vitals stable
379,9.89129097841642,GREEN,0,Vitals stable
380,12.414928406988164,GREEN,0,Vitals stable
381,10.408723408902349,GREEN,0,Vitals stable
382,8.005130486011947,GREEN,0,Vitals stable
383,6.082267291326314,GREEN,0,Vitals stable
384,11.08940767273114,GREEN,0,Vitals stable
385,14.126181588579612,GREEN,0,Vitals stable
386,17.463444102015814,GREEN,0,Vitals stable
387,16.625432762271217,GREEN,0,Vitals stable
388,16.580721725993527,GREEN,0,Vitals stable
389,18.9017250516836,GREEN,0,Vitals stable
390,17.77662990053704,GREEN,0,Vitals stable
391,12.909773979592789,GREEN,0,Vitals stable
392,12.09590457358398,GREEN,0,Vitals stable
393,18.244786467553464,GREEN,0,Vitals stable
394,13.948169952890144,GREEN,0,Vitals stable
395,12.641476191468955,GREEN,0,Vitals stable
396,15.113912287813893,GREEN,0,Vitals stable
397,15.34762354376881,GREEN,0,Vitals stable
398,16.776916849752148,GREEN,0,Vitals stable
399,14.166526615638658,GREEN,0,Vitals stable
400,13.290686679709545,GREEN,0,Vitals stable
401,11.796345625944396,GREEN,0,Vitals stable
402,14.322014813598576,GREEN,0,Vitals stable
403,13.58329486921466,GREEN,0,Vitals stable
404,10.295489099290297,GREEN,0,Vitals stable
405,9.590159927365384,GREEN,0,Vitals stable
406,10.148831947491551,GREEN,0,Vitals stable
407,10.242897301661571,GREEN,0,Vitals stable
408,11.495531427846768,GREEN,0,Vitals stable
409,10.915313955952971,GREEN,0,Vitals stable
410,3.7962113429538498,GREEN,0,Vitals stable
411,4.044163165617376,GREEN,0,Vitals stable
412,6.274319150901527,GREEN,0,Vitals stable
413,4.44143824216567,GREEN,0,Vitals stable
414,4.100939596022088,GREEN,0,Vitals stable
415,5.87560063038489,GREEN,0,Vitals stable
416,3.6845105875116055,GREEN,0,Vitals stable
417,2.190371362912151,GREEN,0,Vitals stable
418,3.494993012619087,GREEN,0,Vitals stable
419,2.245053686510289,GREEN,0,Vitals stable
420,2.1649524286416133,GREEN,0,Vitals stable
421,2.792095669190294,GREEN,0,Vitals stable
422,5.333428898031728,GREEN,0,Vitals stable
423,9.88385673822688,GREEN,0,Vitals stable
424,9.21720632398882,GREEN,0,Vitals stable
425,11.688841589255162,GREEN,0,Vitals stable
426,11.718660044931363,GREEN,0,Vitals stable
427,17.531540474830322,GREEN,0,Vitals stable
428,15.411994382641137,GREEN,0,Vitals stable
429,10.208742409370062,GREEN,0,Vitals stable
430,8.233255668865963,GREEN,0,Vitals stable
431,7.436242337220181,GREEN,0,Vitals stable
432,8.157212687414054,GREEN,0,Vitals stable
433,12.579123126228255,GREEN,0,Vitals stable
434,11.283344272147849,GREEN,0,Vitals stable
435,12.223978227195014,GREEN,0,Vitals stable
436,11.888676351129206,GREEN,0,Vitals stable
437,12.393168331544786,GREEN,0,Vitals stable
438,13.172389323261472,GREEN,0,Vitals stable
439,8.857752437069712,GREEN,0,Vitals stable
440,11.414735909354762,GREEN,0,Vitals stable
441,10.133673634536922,GREEN,0,Vitals stable
442,8.195665195527207,GREEN,0,Vitals stable
443,5.697502619757316,GREEN,0,Vitals stable
444,8.147212417438528,GREEN,0,Vitals stable
445,6.242388399819921,GREEN,0,Vitals stable
446,6.435922035763306,GREEN,0,Vitals stable
447,7.183626321012253,GREEN,0,Vitals stable
448,4.037234763661611,GREEN,0,Vitals stable
449,2.5530247601500475,GREEN,0,Vitals stable
450,1.8819602419663843,GREEN,0,Vitals stable
451,1.9452512220023912,GREEN,0,Vitals stable
452,1.3450892554622775,GREEN,0,Vitals stable
453,0.5066209407827341,GREEN,0,Vitals stable
454,0.3446200633669562,GREEN,0,Vitals stable
455,2.1443114746226537,GREEN,0,Vitals stable
456,3.814708831392032,GREEN,0,Vitals stable
457,4.419877488197413,GREEN,0,Vitals stable
458,1.612329260840749,GREEN,0,Vitals stable
459,1.6640919254422293,GREEN,0,Vitals stable
460,1.4392071611057615,GREEN,0,Vitals stable
461,3.126433890568564,GREEN,0,Vitals stable
462,3.7723199660178137,GREEN,0,Vitals stable
463,3.8048974232533737,GREEN,0,Vitals stable
464,5.642096046947195,GREEN,0,Vitals stable
465,4.824279287810921,GREEN,0,Vitals stable
466,1.794510873180816,GREEN,0,Vitals stable
467,2.250859225044658,GREEN,0,Vitals stable
468,1.2439531931470966,GREEN,0,Vitals stable
469,7.054248339882922,GREEN,0,Vitals stable
470,7.591839704011001,GREEN,0,Vitals stable
471,11.96062350578289,GREEN,0,Vitals stable
472,5.6004175524440525,GREEN,0,Vitals stable
473,2.952641993356929,GREEN,0,Vitals stable
474,3.4300733027100083,GREEN,0,Vitals stable
475,2.032393187836369,GREEN,0,Vitals stable
476,0.5209249597820572,GREEN,0,Vitals stable
477,3.8207615615329407,GREEN,0,Vitals stable
478,6.148910586258986,GREEN,0,Vitals stable
479,5.722065811587617,GREEN,0,Vitals stable
480,11.771421683473248,GREEN,0,Vitals stable
481,26.66798495781574,GREEN,0,Vitals stable
482,34.534287690035555,GREEN,0,Vitals stable
483,35.809492602520045,GREEN,0,Vitals stable
484,36.1773077199469,GREEN,0,Vitals stable
485,35.15068361148954,GREEN,0,Vitals stable
486,37.70867591882261,GREEN,0,Vitals stable
487,36.8957981417613,GREEN,0,Vitals stable
488,33.442646732145526,GREEN,0,Vitals stable
489,31.373512353934025,GREEN,0,Vitals stable
490,33.1460723136272,GREEN,0,Vitals stable
491,30.99004282926986,GREEN,0,Vitals stable
492,26.15493956918681,GREEN,0,Vitals stable
493,23.33657736828151,GREEN,0,Vitals stable
494,21.2965593550826,GREEN,0,Vitals stable
495,21.844299675834495,GREEN,0,Vitals stable
496,22.223773255130492,GREEN,0,Vitals stable
497,23.47783764597964,GREEN,0,Vitals stable
498,28.162790864820582,GREEN,0,Vitals stable
499,29.223197750177356,GREEN,0,Vitals stable
500,26.685202751860363,GREEN,0,Vitals stable
501,29.248169866694944,GREEN,0,Vitals stable
502,31.340231866286373,GREEN,0,Vitals stable
503,29.05675532277966,GREEN,0,Vitals stable
504,29.986786911035804,GREEN,0,Vitals stable
505,30.38098179526037,GREEN,0,Vitals stable
506,27.463226734344893,GREEN,0,Vitals stable
507,28.22133367876645,GREEN,0,Vitals stable
508,27.245771234814,GREEN,0,Vitals stable
509,27.981206552452615,GREEN,0,Vitals stable
510,25.044314316647032,GREEN,0,Vitals stable
511,24.50445263756322,GREEN,0,Vitals stable
512,20.080091592925484,GREEN,0,Vitals stable
513,16.45226232128547,GREEN,0,Vitals stable
514,12.952121805758594,GREEN,0,Vitals stable
515,12.509600004218369,GREEN,0,Vitals stable
516,11.817345049111555,GREEN,0,Vitals stable
517,11.29872696088056,GREEN,0,Vitals stable
518,11.67479230951791,GREEN,0,Vitals stable
519,11.117729137080172,GREEN,0,Vitals stable
520,9.707803506377257,GREEN,0,Vitals stable
521,14.17680468083218,GREEN,0,Vitals stable
522,10.74190000440695,GREEN,0,Vitals stable
523,10.26447523732101,GREEN,0,Vitals stable
524,9.641961826038138,GREEN,0,Vitals stable
525,11.54201832451566,GREEN,0,Vitals stable
526,14.805504678239224,GREEN,0,Vitals stable
527,11.430830258555003,GREEN,0,Vitals stable
528,10.062025570495337,GREEN,0,Vitals stable
529,16.600791549115836,GREEN,0,Vitals stable
530,15.02152085535091,GREEN,0,Vitals stable
531,21.69670030155718,GREEN,0,Vitals stable
532,21.64511186876461,GREEN,0,Vitals stable
533,21.54455856605671,GREEN,0,Vitals stable
534,20.748219440805357,GREEN,0,Vitals stable
535,20.66341162572947,GREEN,0,Vitals stable
536,16.197575401002435,GREEN,0,Vitals stable
537,14.995790683724696,GREEN,0,Vitals stable
538,13.636382537638998,GREEN,0,Vitals stable
539,11.218669456534682,GREEN,0,Vitals stable
540,13.02799214839704,GREEN,0,Vitals stable
541,15.291204503338344,GREEN,0,Vitals stable
542,14.606841084280962,GREEN,0,Vitals stable
543,16.537860507310583,GREEN,0,Vitals stable
544,14.59628692937155,GREEN,0,Vitals stable
545,13.10411418935887,GREEN,0,Vitals stable
546,10.734911341371088,GREEN,0,Vitals stable
547,7.268781589742513,GREEN,0,Vitals stable
548,4.364924294073354,GREEN,0,Vitals stable
549,9.079036744164895,GREEN,0,Vitals stable
550,5.554524500884555,GREEN,0,Vitals stable
551,3.879814902204391,GREEN,0,Vitals stable
552,4.676140908058351,GREEN,0,Vitals stable
553,12.486213163416876,GREEN,0,Vitals stable
554,5.081032507684784,GREEN,0,Vitals stable
555,2.793359623159511,GREEN,0,Vitals stable
556,4.60042360613557,GREEN,0,Vitals stable
557,5.404006419953297,GREEN,0,Vitals stable
558,5.142263206318527,GREEN,0,Vitals stable
559,6.894556540037179,GREEN,0,Vitals stable
560,5.008246046890496,GREEN,0,Vitals stable
561,8.756827947675701,GREEN,0,Vitals stable
562,13.636470069091343,GREEN,0,Vitals stable
563,12.159255180696018,GREEN,0,Vitals stable
564,13.535888509112318,GREEN,0,Vitals stable
565,14.351267639759028,GREEN,0,Vitals stable
566,18.894356646301464,GREEN,0,Vitals stable
567,18.77876060087123,GREEN,0,Vitals stable
568,15.46009019303686,GREEN,0,Vitals stable
569,17.205740297673056,GREEN,0,Vitals stable
570,15.887058768410895,GREEN,0,Vitals stable
571,13.6917805255464,GREEN,0,Vitals stable
572,7.862124432619287,GREEN,0,Vitals stable
573,2.963480207238276,GREEN,0,Vitals stable
574,4.418644122752332,GREEN,0,Vitals stable
575,9.134166573773443,GREEN,0,Vitals stable
576,6.385623654319242,GREEN,0,Vitals stable
577,9.432055063336904,GREEN,0,Vitals stable
578,12.0095437209971,GREEN,0,Vitals stable
579,12.74653176161421,GREEN,0,Vitals stable
580,5.238545610625791,GREEN,0,Vitals stable
581,8.901138692960012,GREEN,0,Vitals stable
582,5.782866777223027,GREEN,0,Vitals stable
583,5.53435961646798,GREEN,0,Vitals stable
584,2.6685527507034985,GREEN,0,Vitals stable
585,5.112367895048278,GREEN,0,Vitals stable
586,4.673410693936647,GREEN,0,Vitals stable
587,4.5781075533541085,GREEN,0,Vitals stable
588,5.48254170866594,GREEN,0,Vitals stable
589,5.781313962812986,GREEN,0,Vitals stable
590,7.9612030849098945,GREEN,0,Vitals stable
591,5.304548450750125,GREEN,0,Vitals stable
592,3.76169379075014,GREEN,0,Vitals stable
593,3.9459662539148055,GREEN,0,Vitals stable
594,1.463140012715079,GREEN,0,Vitals stable
595,2.5195057316390663,GREEN,0,Vitals stable
596,1.3866864322377248,GREEN,0,Vitals stable
597,4.260900442629811,GREEN,0,Vitals stable
598,4.520360916379521,GREEN,0,Vitals stable
599,5.328772222564715,GREEN,0,Vitals stable
600,19.11581384183697,GREEN,0,Vitals stable
601,28.637225823020472,GREEN,0,Vitals stable
602,36.69822704048785,GREEN,0,Vitals stable
603,42.20572726201139,AMBER,0,Early signs of deterioration
604,47.36011346536099,AMBER,0,Early signs of deterioration
605,48.28312978755967,AMBER,0,Early signs of deterioration
606,49.55611387732692,AMBER,0,Early signs of deterioration
607,53.11422281725197,AMBER,0,Early signs of deterioration
608,56.171045204801274,AMBER,0,Early signs of deterioration
609,58.133527017706456,AMBER,0,Early signs of deterioration
610,60.04743205188336,AMBER,0,Early signs of deterioration
611,62.25152238093526,AMBER,0,Early signs of deterioration
612,63.52182548287334,AMBER,0,Early signs of deterioration
613,64.41295610128708,AMBER,0,Early signs of deterioration
614,63.73089835528917,AMBER,0,Early signs of deterioration
615,60.82568568667906,AMBER,0,Early signs of deterioration
616,61.86908767121466,AMBER,0,Early signs of deterioration
617,62.3384126253518,AMBER,0,Early signs of deterioration
618,62.47452865056701,AMBER,0,Early signs of deterioration
619,61.8452335226689,AMBER,0,Early signs of deterioration
620,60.649406394284355,AMBER,0,Early signs of deterioration
621,58.924854801612504,AMBER,0,Early signs of deterioration
622,56.63290537817787,AMBER,0,Early signs of deterioration
623,56.367918954619455,AMBER,0,Early signs of deterioration
624,55.49056706265749,AMBER,0,Early signs of deterioration
625,54.68046038761599,AMBER,0,Early signs of deterioration
626,53.71639526176278,AMBER,0,Early signs of deterioration
627,50.44892650330311,AMBER,0,Early signs of deterioration
628,49.22911335605735,AMBER,0,Early signs of deterioration
629,44.40944587159284,AMBER,0,Early signs of deterioration
630,46.56118910322029,AMBER,0,Early signs of deterioration
631,48.86952639151623,AMBER,0,Early signs of deterioration
632,51.81845598115749,AMBER,0,Early signs of deterioration
633,52.43261010072526,AMBER,0,Early signs of deterioration
634,54.22920431098027,AMBER,0,Early signs of deterioration
635,53.66888045827928,AMBER,0,Early signs of deterioration
636,52.73634289686542,AMBER,0,Early signs of deterioration
637,52.82501603625774,AMBER,0,Early signs of deterioration
638,52.12705983707855,AMBER,0,Early signs of deterioration
639,52.07891179304545,AMBER,0,Early signs of deterioration
640,52.54840300252342,AMBER,0,Early signs of deterioration
641,55.12005767422623,AMBER,0,Early signs of deterioration
642,54.65170420991576,AMBER,0,Early signs of deterioration
643,54.26638440132336,AMBER,0,Early signs of deterioration
644,53.01298053477738,AMBER,0,Early signs of deterioration
645,47.84014867742461,AMBER,0,Early signs of deterioration
646,48.62691791433787,AMBER,0,Early signs of deterioration
647,49.0221241868778,AMBER,0,Early signs of deterioration
648,52.99462356587932,AMBER,0,Early signs of deterioration
649,48.55278841230272,AMBER,0,Early signs of deterioration
650,47.917627772491464,AMBER,0,Early signs of deterioration
651,45.111389044992826,AMBER,0,Early signs of deterioration
652,43.96459556789568,AMBER,0,Early signs of deterioration
653,41.83602430278941,AMBER,0,Early signs of deterioration
654,40.06020085740764,AMBER,0,Early signs of deterioration
655,42.0983553653874,AMBER,0,Early signs of deterioration
656,40.517439172038166,AMBER,0,Early signs of deterioration
657,42.868517472917944,AMBER,0,Early signs of deterioration
658,41.51877018985127,AMBER,0,Early signs of deterioration
659,42.839621722578755,AMBER,0,Early signs of deterioration
660,42.70578428287867,AMBER,0,Early signs of deterioration
661,42.28755490064616,AMBER,0,Early signs of deterioration
662,46.66530403526463,AMBER,0,Early signs of deterioration
663,47.20801841607291,AMBER,0,Early signs of deterioration
664,49.40034376574108,AMBER,0,Early signs of deterioration
665,47.89806934720928,AMBER,0,Early signs of deterioration
666,48.55926536590377,AMBER,0,Early signs of deterioration
667,45.869415235587134,AMBER,0,Early signs of deterioration
668,41.525825788080915,AMBER,0,Early signs of deterioration
669,41.63907767845007,AMBER,0,Early signs of deterioration
670,41.50833905162385,AMBER,0,Early signs of deterioration
671,41.881664321772774,AMBER,0,Early signs of deterioration
672,42.67740858800412,AMBER,0,Early signs of deterioration
673,42.434379234739055,AMBER,0,Early signs of deterioration
674,40.980708159150915,AMBER,0,Early signs of deterioration
675,39.647392435901864,GREEN,0,Vitals stable
676,38.87134099242329,GREEN,0,Vitals stable
677,38.5745604572754,GREEN,0,Vitals stable
678,40.79838512484435,AMBER,0,Early signs of deterioration
679,40.07939724121145,AMBER,0,Early signs of deterioration
680,41.13068538248245,AMBER,0,Early signs of deterioration
681,43.75993866936387,AMBER,0,Early signs of deterioration
682,45.5466276874988,AMBER,0,Early signs of deterioration
683,45.20455130894751,AMBER,0,Early signs of deterioration
684,43.82231176716456,AMBER,0,Early signs of deterioration
685,46.83386842952265,AMBER,0,Early signs of deterioration
686,47.297443298427694,AMBER,0,Early signs of deterioration
687,49.595457284958464,AMBER,0,Early signs of deterioration
688,48.54713558727408,AMBER,0,Early signs of deterioration
689,47.75246494912265,AMBER,0,Early signs of deterioration
690,45.78207208262389,AMBER,0,Early signs of deterioration
691,45.42062860814121,AMBER,0,Early signs of deterioration
692,42.031261639895995,AMBER,0,Early signs of deterioration
693,44.81714038459308,AMBER,0,Early signs of deterioration
694,44.4311837847663,AMBER,0,Early signs of deterioration
695,44.35927914375647,AMBER,0,Early signs of deterioration
696,43.956875357902824,AMBER,0,Early signs of deterioration
697,44.55802306323236,AMBER,0,Early signs of deterioration
698,43.88679976135209,AMBER,0,Early signs of deterioration
699,45.96083557935346,AMBER,0,Early signs of deterioration
700,45.181166552756416,AMBER,0,Early signs of deterioration
701,45.66537382922611,AMBER,0,Early signs of deterioration
702,48.1115354970323,AMBER,0,Early signs of deterioration
703,48.2449721214506,AMBER,0,Early signs of deterioration
704,46.298708958898835,AMBER,0,Early signs of deterioration
705,47.78485460238357,AMBER,0,Early signs of deterioration
706,49.21658264605424,AMBER,0,Early signs of deterioration
707,49.953140123827936,AMBER,0,Early signs of deterioration
708,46.52003851557235,AMBER,0,Early signs of deterioration
709,45.90402444394516,AMBER,0,Early signs of deterioration
710,45.99122398112573,AMBER,0,Early signs of deterioration
711,45.57695632043005,AMBER,0,Early signs of deterioration
712,45.29994832840778,AMBER,0,Early signs of deterioration
713,45.65418159835478,AMBER,0,Early signs of deterioration
714,44.64141802836823,AMBER,0,Early signs of deterioration
715,43.54725581880696,AMBER,0,Early signs of deterioration
716,42.88835576028604,AMBER,0,Early signs of deterioration
717,43.56766086404452,AMBER,0,Early signs of deterioration
718,43.52173672633532,AMBER,0,Early signs of deterioration
719,42.90603445464963,AMBER,0,Early signs of deterioration
720,41.75850957545724,AMBER,0,Early signs of deterioration
721,39.52203207338544,GREEN,0,Vitals stable
722,39.49788199045807,GREEN,0,Vitals stable
723,37.84577291208354,GREEN,0,Vitals stable
724,37.61441518058294,GREEN,0,Vitals stable
725,38.18032624954569,GREEN,0,Vitals stable
726,37.04385121991259,GREEN,0,Vitals stable
727,36.76791200934599,GREEN,0,Vitals stable
728,38.92179244341801,GREEN,0,Vitals stable
729,39.23587764520763,GREEN,0,Vitals stable
730,40.93156761539202,AMBER,0,Early signs of deterioration
731,39.2631138098592,GREEN,0,Vitals stable
732,42.19513081433842,AMBER,0,Early signs of deterioration
733,40.78507305323536,AMBER,0,Early signs of deterioration
734,41.27343749516154,AMBER,0,Early signs of deterioration
735,43.61540313715896,AMBER,0,Early signs of deterioration
736,44.20400334987261,AMBER,0,Early signs of deterioration
737,43.861758823211765,AMBER,0,Early signs of deterioration
738,42.708076604477114,AMBER,0,Early signs of deterioration
739,42.46213211298906,AMBER,0,Early signs of deterioration
740,43.61754345992224,AMBER,0,Early signs of deterioration
741,46.58625949360032,AMBER,0,Early signs of deterioration
742,48.538609578089584,AMBER,0,Early signs of deterioration
743,48.88601248390542,AMBER,0,Early signs of deterioration
744,47.063934272135704,AMBER,0,Early signs of deterioration
745,45.346811403655394,AMBER,0,Early signs of deterioration
746,50.165789993417405,AMBER,0,Early signs of deterioration
747,46.45374231927665,AMBER,0,Early signs of deterioration
748,45.8991348830518,AMBER,0,Early signs of deterioration
749,44.71559437615811,AMBER,0,Early signs of deterioration
750,45.98449744619848,AMBER,0,Early signs of deterioration
751,48.01299563896523,AMBER,0,Early signs of deterioration
752,45.71860055312408,AMBER,0,Early signs of deterioration
753,44.57964460679905,AMBER,0,Early signs of deterioration
754,42.20148482211783,AMBER,0,Early signs of deterioration
755,37.70547385635638,GREEN,0,Vitals stable
756,37.543659772780515,GREEN,0,Vitals stable
757,40.30755749967541,AMBER,0,Early signs of deterioration
758,39.06328820046677,GREEN,0,Vitals stable
759,38.04501887517208,GREEN,0,Vitals stable
760,40.19565586772598,AMBER,0,Early signs of deterioration
761,38.94522354523859,GREEN,0,Vitals stable
762,40.2175083345726,AMBER,0,Early signs of deterioration
763,40.15511605335578,AMBER,0,Early signs of deterioration
764,42.62983715514724,AMBER,0,Early signs of deterioration
765,43.21694570872882,AMBER,0,Early signs of deterioration
766,42.883807946999454,AMBER,0,Early signs of deterioration
767,39.771963737722494,GREEN,0,Vitals stable
768,40.96896724625332,AMBER,0,Early signs of deterioration
769,38.53108071092571,GREEN,0,Vitals stable
770,38.55735644213554,GREEN,0,Vitals stable
771,39.19236488237359,GREEN,0,Vitals stable
772,40.552346152408475,AMBER,0,Early signs of deterioration
773,44.22658464210996,AMBER,0,Early signs of deterioration
774,47.295412581102696,AMBER,0,Early signs of deterioration
775,47.10344688274917,AMBER,0,Early signs of deterioration
776,44.45455410452523,AMBER,0,Early signs of deterioration
777,45.32790720528829,AMBER,0,Early signs of deterioration
778,45.71616547304683,AMBER,0,Early signs of deterioration
779,42.945614036484706,AMBER,0,Early signs of deterioration
780,44.6003555261692,AMBER,0,Early signs of deterioration
781,45.72161497808532,AMBER,0,Early signs of deterioration
782,47.23686276918767,AMBER,0,Early signs of deterioration
783,44.30799277273831,AMBER,0,Early signs of deterioration
784,41.91221467463473,AMBER,0,Early signs of deterioration
785,40.174420695639625,AMBER,0,Early signs of deterioration
786,41.664923688450585,AMBER,0,Early signs of deterioration
787,41.95143636903293,AMBER,0,Early signs of deterioration
788,41.29176110378427,AMBER,0,Early signs of deterioration
789,43.62838585704535,AMBER,0,Early signs of deterioration
790,42.77727106742355,AMBER,0,Early signs of deterioration
791,43.0839889128908,AMBER,0,Early signs of deterioration
792,42.40189803332443,AMBER,0,Early signs of deterioration
793,42.24891880312124,AMBER,0,Early signs of deterioration
794,42.78233665837435,AMBER,0,Early signs of deterioration
795,42.82622448456731,AMBER,0,Early signs of deterioration
796,42.23341490650838,AMBER,0,Early signs of deterioration
797,45.95342060653471,AMBER,0,Early signs of deterioration
798,45.205685637993675,AMBER,0,Early signs of deterioration
799,48.82103439641493,AMBER,0,Early signs of deterioration
800,49.74364401123048,AMBER,0,Early signs of deterioration
801,50.42880253576555,AMBER,0,Early signs of deterioration
802,49.913969983875944,AMBER,0,Early signs of deterioration
803,48.764715926503435,AMBER,0,Early signs of deterioration
804,49.32919212324028,AMBER,0,Early signs of deterioration
805,52.39577193177951,AMBER,0,Early signs of deterioration
806,50.287817392456,AMBER,0,Early signs of deterioration
807,51.99167223327573,AMBER,0,Early signs of deterioration
808,53.04448486621773,AMBER,0,Early signs of deterioration
809,51.439479556119224,AMBER,0,Early signs of deterioration
810,53.607338437438024,AMBER,0,Early signs of deterioration
811,52.33211616390812,AMBER,0,Early signs of deterioration
812,51.46117731558944,AMBER,0,Early signs of deterioration
813,49.729665609469784,AMBER,0,Early signs of deterioration
814,48.33742263111226,AMBER,0,Early signs of deterioration
815,50.31727881574424,AMBER,0,Early signs of deterioration
816,53.722782579567465,AMBER,0,Early signs of deterioration
817,54.92670353750446,AMBER,0,Early signs of deterioration
818,53.91568198229262,AMBER,0,Early signs of deterioration
819,51.08148440498917,AMBER,0,Early signs of deterioration
820,51.29526454787996,AMBER,0,Early signs of deterioration
821,53.13920428325849,AMBER,0,Early signs of deterioration
822,53.03537557045552,AMBER,0,Early signs of deterioration
823,52.23099753868767,AMBER,0,Early signs of deterioration
824,52.09618214815206,AMBER,0,Early signs of deterioration
825,50.29899479176374,AMBER,0,Early signs of deterioration
826,51.30110176038308,AMBER,0,Early signs of deterioration
827,52.96906116765855,AMBER,0,Early signs of deterioration
828,54.42198109625549,AMBER,0,Early signs of deterioration
829,50.54340859899893,AMBER,0,Early signs of deterioration
830,48.20986470433635,AMBER,0,Early signs of deterioration
831,46.6710047044579,AMBER,0,Early signs of deterioration
832,45.45159135502346,AMBER,0,Early signs of deterioration
833,44.71797739385855,AMBER,0,Early signs of deterioration
834,48.94987005320785,AMBER,0,Early signs of deterioration
835,50.27890562208392,AMBER,0,Early signs of deterioration
836,45.39718466874818,AMBER,0,Early signs of deterioration
837,45.467207168078545,AMBER,0,Early signs of deterioration
838,43.82030431052657,AMBER,0,Early signs of deterioration
839,44.129949349578546,AMBER,0,Early signs of deterioration
840,44.59793011335154,AMBER,0,Early signs of deterioration
841,45.23772608960388,AMBER,0,Early signs of deterioration
842,45.66461624680882,AMBER,0,Early signs of deterioration
843,50.63927859850455,AMBER,0,Early signs of deterioration
844,50.025031500853885,AMBER,0,Early signs of deterioration
845,49.10137129282426,AMBER,0,Early signs of deterioration
846,51.366161780075025,AMBER,0,Early signs of deterioration
847,49.44842927255479,AMBER,0,Early signs of deterioration
848,47.2812661104221,AMBER,0,Early signs of deterioration
849,47.059095314681336,AMBER,0,Early signs of deterioration
850,47.11074475918188,AMBER,0,Early signs of deterioration
851,47.718742840498344,AMBER,0,Early signs of deterioration
852,45.9970122127058,AMBER,0,Early signs of deterioration
853,45.51118443859869,AMBER,0,Early signs of deterioration
854,46.15340141400861,AMBER,0,Early signs of deterioration
855,45.2784229048012,AMBER,0,Early signs of deterioration
856,45.15630767674902,AMBER,0,Early signs of deterioration
857,47.10635849207268,AMBER,0,Early signs of deterioration
858,47.39144047978348,AMBER,0,Early signs of deterioration
859,46.484333076460885,AMBER,0,Early signs of deterioration
860,47.000026525127694,AMBER,0,Early signs of deterioration
861,46.68924490827844,AMBER,0,Early signs of deterioration
862,48.92421184977493,AMBER,0,Early signs of deterioration
863,48.551563752050654,AMBER,0,Early signs of deterioration
864,48.76614088867257,AMBER,0,Early signs of deterioration
865,50.22871744518883,AMBER,0,Early signs of deterioration
866,50.13092061621784,AMBER,0,Early signs of deterioration
867,52.13291717383231,AMBER,0,Early signs of deterioration
868,51.46591886669746,AMBER,0,Early signs of deterioration
869,50.89187889506635,AMBER,0,Early signs of deterioration
870,51.388732913419446,AMBER,0,Early signs of deterioration
871,53.13498473110356,AMBER,0,Early signs of deterioration
872,55.17403841341934,AMBER,0,Early signs of deterioration
873,60.8223745507998,AMBER,0,Early signs of deterioration
874,60.560462007460735,AMBER,0,Early signs of deterioration
875,58.5997070114178,AMBER,0,Early signs of deterioration
876,60.38061825615487,AMBER,0,Early signs of deterioration
877,59.43568781803528,AMBER,0,Early signs of deterioration
878,55.90935032792329,AMBER,0,Early signs of deterioration
879,53.344767420928726,AMBER,0,Early signs of deterioration
880,55.59093368708274,AMBER,0,Early signs of deterioration
881,52.05409022409991,AMBER,0,Early signs of deterioration
882,50.37449306356815,AMBER,0,Early signs of deterioration
883,49.08064091633299,AMBER,0,Early signs of deterioration
884,52.715075563807794,AMBER,0,Early signs of deterioration
885,52.689145236207686,AMBER,0,Early signs of deterioration
886,50.84877181432965,AMBER,0,Early signs of deterioration
887,48.94995051385879,AMBER,0,Early signs of deterioration
888,50.03533690245051,AMBER,0,Early signs of deterioration
889,47.276886967985725,AMBER,0,Early signs of deterioration
890,47.01553594003053,AMBER,0,Early signs of deterioration
891,45.94972910879438,AMBER,0,Early signs of deterioration
892,46.40556024007536,AMBER,0,Early signs of deterioration
893,46.79080806107376,AMBER,0,Early signs of deterioration
894,47.81900784785407,AMBER,0,Early signs of deterioration
895,47.26925777376117,AMBER,0,Early signs of deterioration
896,47.14336655451009,AMBER,0,Early signs of deterioration
897,48.9813970850591,AMBER,0,Early signs of deterioration
898,48.75198600256984,AMBER,0,Early signs of deterioration
899,49.83571026586747,AMBER,0,Early signs of deterioration
900,51.00345329456085,AMBER,0,Early signs of deterioration
901,48.903743702601766,AMBER,0,Early signs of deterioration
902,46.12658874498192,AMBER,0,Early signs of deterioration
903,48.400548244914674,AMBER,0,Early signs of deterioration
904,49.03624869541741,AMBER,0,Early signs of deterioration
905,48.01335330829965,AMBER,0,Early signs of deterioration
906,46.97439149368823,AMBER,0,Early signs of deterioration
907,47.37637469903819,AMBER,0,Early signs of deterioration
908,46.955645094397056,AMBER,0,Early signs of deterioration
909,47.17735389165133,AMBER,0,Early signs of deterioration
910,49.45791474749837,AMBER,0,Early signs of deterioration
911,47.05379730136187,AMBER,0,Early signs of deterioration
912,48.51574497705251,AMBER,0,Early signs of deterioration
913,50.52868277197357,AMBER,0,Early signs of deterioration
914,49.30949438531798,AMBER,0,Early signs of deterioration
915,49.28274931314191,AMBER,0,Early signs of deterioration
916,48.19771873363224,AMBER,0,Early signs of deterioration
917,49.02700954048964,AMBER,0,Early signs of deterioration
918,47.413436990230686,AMBER,0,Early signs of deterioration
919,47.72727250641544,AMBER,0,Early signs of deterioration
920,49.35365994698069,AMBER,0,Early signs of deterioration
921,49.734378060976134,AMBER,0,Early signs of deterioration
922,51.27985141669003,AMBER,0,Early signs of deterioration
923,52.23086460065296,AMBER,0,Early signs of deterioration
924,52.30880432351163,AMBER,0,Early signs of deterioration
925,50.018205537963766,AMBER,0,Early signs of deterioration
926,49.06597949526186,AMBER,0,Early signs of deterioration
927,46.41210067914379,AMBER,0,Early signs of deterioration
928,48.89982978545739,AMBER,0,Early signs of deterioration
929,47.894100494591825,AMBER,0,Early signs of deterioration
930,51.50069130590835,AMBER,0,Early signs of deterioration
931,50.38401756305166,AMBER,0,Early signs of deterioration
932,48.54361994377672,AMBER,0,Early signs of deterioration
933,51.16414536430128,AMBER,0,Early signs of deterioration
934,54.26931308814234,AMBER,0,Early signs of deterioration
935,53.545532016133926,AMBER,0,Early signs of deterioration
936,51.65442219605016,AMBER,0,Early signs of deterioration
937,56.95214606680099,AMBER,0,Early signs of deterioration
938,57.585126848397216,AMBER,0,Early signs of deterioration
939,55.819314915481186,AMBER,0,Early signs of deterioration
940,57.97938163680034,AMBER,0,Early signs of deterioration
941,56.82205585118461,AMBER,0,Early signs of deterioration
942,55.07053988047139,AMBER,0,Early signs of deterioration
943,54.96248706473376,AMBER,0,Early signs of deterioration
944,58.872907708989274,AMBER,0,Early signs of deterioration
945,56.9251965471961,AMBER,0,Early signs of deterioration
946,57.98069507214266,AMBER,0,Early signs of deterioration
947,58.61910628898443,AMBER,0,Early signs of deterioration
948,56.7602685427611,AMBER,0,Early signs of deterioration
949,57.99989251826612,AMBER,0,Early signs of deterioration
950,57.7929072806711,AMBER,0,Early signs of deterioration
951,58.963478086514066,AMBER,0,Early signs of deterioration
952,56.39512074023984,AMBER,0,Early signs of deterioration
953,55.78151690011664,AMBER,0,Early signs of deterioration
954,55.09709846174928,AMBER,0,Early signs of deterioration
955,54.8539240872196,AMBER,0,Early signs of deterioration
956,56.14715753241018,AMBER,0,Early signs of deterioration
957,55.62999705357208,AMBER,0,Early signs of deterioration
958,55.9477268156051,AMBER,0,Early signs of deterioration
959,55.441200056735184,AMBER,0,Early signs of deterioration
960,54.74082941603865,AMBER,0,Early signs of deterioration
961,54.889232752330784,AMBER,0,Early signs of deterioration
962,54.94783068164668,AMBER,0,Early signs of deterioration
963,55.549955584825696,AMBER,0,Early signs of deterioration
964,59.45964975350221,AMBER,0,Early signs of deterioration
965,57.98536768747652,AMBER,0,Early signs of deterioration
966,57.41983236996425,AMBER,0,Early signs of deterioration
967,57.99850291476064,AMBER,0,Early signs of deterioration
968,54.081778510058875,AMBER,0,Early signs of deterioration
969,55.458929367952805,AMBER,0,Early signs of deterioration
970,55.788590907581245,AMBER,0,Early signs of deterioration
971,52.79096678516726,AMBER,0,Early signs of deterioration
972,53.25921817924595,AMBER,0,Early signs of deterioration
973,54.048907414941546,AMBER,0,Early signs of deterioration
974,58.87901537165037,AMBER,0,Early signs of deterioration
975,58.94326942933162,AMBER,0,Early signs of deterioration
976,59.90180126449217,AMBER,0,Early signs of deterioration
977,60.43548899406966,AMBER,0,Early signs of deterioration
978,59.647771287599944,AMBER,0,Early signs of deterioration
979,58.90920948972879,AMBER,0,Early signs of deterioration
980,55.83752018732829,AMBER,0,Early signs of deterioration
981,59.33616779786867,AMBER,0,Early signs of deterioration
982,58.72784645046312,AMBER,0,Early signs of deterioration
983,55.69268194637273,AMBER,0,Early signs of deterioration
984,53.42989343058992,AMBER,0,Early signs of deterioration
985,55.194750445424205,AMBER,0,Early signs of deterioration
986,57.460409317021515,AMBER,0,Early signs of deterioration
987,54.82338570874316,AMBER,0,Early signs of deterioration
988,52.557831454139176,AMBER,0,Early signs of deterioration
989,53.18183684535581,AMBER,0,Early signs of deterioration
990,51.65106663778092,AMBER,0,Early signs of deterioration
991,51.59421147519428,AMBER,0,Early signs of deterioration
992,52.65125613801689,AMBER,0,Early signs of deterioration
993,51.061130032687686,AMBER,0,Early signs of deterioration
994,51.250251425600226,AMBER,0,Early signs of deterioration
995,51.870913689988555,AMBER,0,Early signs of deterioration
996,50.561273767875896,AMBER,0,Early signs of deterioration
997,50.698664237875654,AMBER,0,Early signs of deterioration
998,51.04381795298625,AMBER,0,Early signs of deterioration
999,52.30947049006818,AMBER,0,Early signs of deterioration
1000,51.43362278255808,AMBER,0,Early signs of deterioration
1001,52.742015072882445,AMBER,0,Early signs of deterioration
1002,52.3303534397851,AMBER,0,Early signs of deterioration
1003,51.597134389862255,AMBER,0,Early signs of deterioration
1004,53.21527004413514,AMBER,0,Early signs of deterioration
1005,55.330534143141115,AMBER,0,Early signs of deterioration
1006,56.10201091331284,AMBER,0,Early signs of deterioration
1007,57.899294500714646,AMBER,0,Early signs of deterioration
1008,60.1080607146058,AMBER,0,Early signs of deterioration
1009,60.488986409723104,AMBER,0,Early signs of deterioration
1010,58.243080599073366,AMBER,0,Early signs of deterioration
1011,58.55965119004944,AMBER,0,Early signs of deterioration
1012,57.85857407318811,AMBER,0,Early signs of deterioration
1013,57.79162303481215,AMBER,0,Early signs of deterioration
1014,54.26186714389687,AMBER,0,Early signs of deterioration
1015,57.024777619378426,AMBER,0,Early signs of deterioration
1016,56.91442664237184,AMBER,0,Early signs of deterioration
1017,54.61184302942203,AMBER,0,Early signs of deterioration
1018,56.3038804335124,AMBER,0,Early signs of deterioration
1019,53.94925668784765,AMBER,0,Early signs of deterioration
1020,56.20560711042279,AMBER,0,Early signs of deterioration
1021,58.49694043969251,AMBER,0,Early signs of deterioration
1022,58.34154605898778,AMBER,0,Early signs of deterioration
1023,57.0258954553572,AMBER,0,Early signs of deterioration
1024,57.09304548209358,AMBER,0,Early signs of deterioration
1025,58.975654052898406,AMBER,0,Early signs of deterioration
1026,57.43192462542399,AMBER,0,Early signs of deterioration
1027,58.75174626909021,AMBER,0,Early signs of deterioration
1028,56.87001970363124,AMBER,0,Early signs of deterioration
1029,56.55528034248599,AMBER,0,Early signs of deterioration
1030,57.71943491439686,AMBER,0,Early signs of deterioration
1031,56.98106700491559,AMBER,0,Early signs of deterioration
1032,58.14701103984828,AMBER,0,Early signs of deterioration
1033,59.25615331209582,AMBER,0,Early signs of deterioration
1034,61.9716327509567,AMBER,0,Early signs of deterioration
1035,63.505259416175406,AMBER,0,Early signs of deterioration
1036,63.996990067904534,AMBER,0,Early signs of deterioration
1037,66.55707205460678,AMBER,0,Early signs of deterioration
1038,67.1335193356733,AMBER,0,Early signs of deterioration
1039,67.28904790333893,AMBER,0,Early signs of deterioration
1040,64.65795566387384,AMBER,0,Early signs of deterioration
1041,64.41676150321187,AMBER,0,Early signs of deterioration
1042,63.88451223172823,AMBER,0,Early signs of deterioration
1043,62.49625294752891,AMBER,0,Early signs of deterioration
1044,59.57296909340228,AMBER,0,Early signs of deterioration
1045,59.60281119482395,AMBER,0,Early signs of deterioration
1046,59.92617985549489,AMBER,0,Early signs of deterioration
1047,58.80001932037846,AMBER,0,Early signs of deterioration
1048,59.691132734143494,AMBER,0,Early signs of deterioration
1049,60.36816165304238,AMBER,0,Early signs of deterioration
1050,58.94953127496015,AMBER,0,Early signs of deterioration
1051,59.174938947732045,AMBER,0,Early signs of deterioration
1052,60.45265806147937,AMBER,0,Early signs of deterioration
1053,59.97091715008174,AMBER,0,Early signs of deterioration
1054,59.536084835268205,AMBER,0,Early signs of deterioration
1055,60.627274441483664,AMBER,0,Early signs of deterioration
1056,60.74623689680087,AMBER,0,Early signs of deterioration
1057,60.18932672080585,AMBER,0,Early signs of deterioration
1058,59.97333963566403,AMBER,0,Early signs of deterioration
1059,59.83379786090004,AMBER,0,Early signs of deterioration
1060,59.14889375179433,AMBER,0,Early signs of deterioration
1061,59.53615147470365,AMBER,0,Early signs of deterioration
1062,56.704023012149705,AMBER,0,Early signs of deterioration
1063,56.93909613857888,AMBER,0,Early signs of deterioration
1064,58.056131943597094,AMBER,0,Early signs of deterioration
1065,60.86521457577831,AMBER,0,Early signs of deterioration
1066,59.12691798454816,AMBER,0,Early signs of deterioration
1067,59.30242263323888,AMBER,0,Early signs of deterioration
1068,57.24548458436671,AMBER,0,Early signs of deterioration
1069,59.03858941528017,AMBER,0,Early signs of deterioration
1070,58.52195323082255,AMBER,0,Early signs of deterioration
1071,60.8194011339547,AMBER,0,Early signs of deterioration
1072,62.3891810269679,AMBER,0,Early signs of deterioration
1073,62.644698700136345,AMBER,0,Early signs of deterioration
1074,63.06800925906352,AMBER,0,Early signs of deterioration
1075,63.56587181261766,AMBER,0,Early signs of deterioration
1076,63.273575532525655,AMBER,0,Early signs of deterioration
1077,66.10238452040966,AMBER,0,Early signs of deterioration
1078,62.521734977399205,AMBER,0,Early signs of deterioration
1079,62.463845839134216,AMBER,0,Early signs of deterioration
1080,59.93371905741983,AMBER,0,Early signs of deterioration
1081,61.25409340852272,AMBER,0,Early signs of deterioration
1082,61.343376513152776,AMBER,0,Early signs of deterioration
1083,61.28159728877318,AMBER,0,Early signs of deterioration
1084,60.881630406991505,AMBER,0,Early signs of deterioration
1085,59.2000050619299,AMBER,0,Early signs of deterioration
1086,59.0389306078703,AMBER,0,Early signs of deterioration
1087,58.857182984311024,AMBER,0,Early signs of deterioration
1088,60.10543825277785,AMBER,0,Early signs of deterioration
1089,62.99245475221778,AMBER,0,Early signs of deterioration
1090,59.16821291639884,AMBER,0,Early signs of deterioration
1091,58.57085197708621,AMBER,0,Early signs of deterioration
1092,58.415891714919546,AMBER,0,Early signs of deterioration
1093,56.924112588445325,AMBER,0,Early signs of deterioration
1094,57.76927233731748,AMBER,0,Early signs of deterioration
1095,57.2352386658809,AMBER,0,Early signs of deterioration
1096,56.853325236801496,AMBER,0,Early signs of deterioration
1097,57.717136395735565,AMBER,0,Early signs of deterioration
1098,60.743540726432,AMBER,0,Early signs of deterioration
1099,58.70658167822485,AMBER,0,Early signs of deterioration
1100,57.303917152925706,AMBER,0,Early signs of deterioration
1101,57.3427163459353,AMBER,0,Early signs of deterioration
1102,57.1054212410308,AMBER,0,Early signs of deterioration
1103,58.35857204535159,AMBER,0,Early signs of deterioration
1104,60.45640171564908,AMBER,0,Early signs of deterioration
1105,63.2903518301819,AMBER,0,Early signs of deterioration
1106,64.80568112783574,AMBER,0,Early signs of deterioration
1107,65.96457991830724,AMBER,0,Early signs of deterioration
1108,66.32211770755039,AMBER,0,Early signs of deterioration
1109,67.9125188662162,AMBER,0,Early signs of deterioration
1110,66.6547887552604,AMBER,0,Early signs of deterioration
1111,68.76249802014408,AMBER,0,Early signs of deterioration
1112,70.56194024913388,RED,1,Critical risk: elevated heart rate and low oxygen levels
1113,71.18010919668848,RED,1,Critical risk: elevated heart rate and low oxygen levels
1114,70.54091927789737,RED,1,Critical risk: elevated heart rate and low oxygen levels
1115,69.84705648257494,AMBER,0,Early signs of deterioration
1116,69.68934851741594,AMBER,0,Early signs of deterioration
1117,69.21903012885383,AMBER,0,Early signs of deterioration
1118,71.69307115382789,RED,1,Critical risk: elevated heart rate and low oxygen levels
1119,69.85589309961225,AMBER,0,Early signs of deterioration
1120,66.34999910724235,AMBER,0,Early signs of deterioration
1121,64.44432506485042,AMBER,0,Early signs of deterioration
1122,64.49700995441884,AMBER,0,Early signs of deterioration
1123,63.58346999595291,AMBER,0,Early signs of deterioration
1124,64.62824598130602,AMBER,0,Early signs of deterioration
1125,65.51018408650374,AMBER,0,Early signs of deterioration
1126,68.40684849564452,AMBER,0,Early signs of deterioration
1127,62.335235277320095,AMBER,0,Early signs of deterioration
1128,64.56990476409784,AMBER,0,Early signs of deterioration
1129,64.68150115598746,AMBER,0,Early signs of deterioration
1130,63.05332078368471,AMBER,0,Early signs of deterioration
1131,61.84058767090784,AMBER,0,Early signs of deterioration
1132,59.751299299449215,AMBER,0,Early signs of deterioration
1133,59.266693471635406,AMBER,0,Early signs of deterioration
1134,61.052493262355306,AMBER,0,Early signs of deterioration
1135,62.80507480753699,AMBER,0,Early signs of deterioration
1136,63.33854493603004,AMBER,0,Early signs of deterioration
1137,64.3902622047944,AMBER,0,Early signs of deterioration
1138,62.75931341378711,AMBER,0,Early signs of deterioration
1139,64.96886570598494,AMBER,0,Early signs of deterioration
1140,63.01440979101801,AMBER,0,Early signs of deterioration
1141,61.80408888837218,AMBER,0,Early signs of deterioration
1142,63.875581256264674,AMBER,0,Early signs of deterioration
1143,62.29363286240344,AMBER,0,Early signs of deterioration
1144,60.179347093199794,AMBER,0,Early signs of deterioration
1145,60.445027405361216,AMBER,0,Early signs of deterioration
1146,59.83844945420288,AMBER,0,Early signs of deterioration
1147,60.40919414628348,AMBER,0,Early signs of deterioration
1148,60.09289621054312,AMBER,0,Early signs of deterioration
1149,60.59039293241683,AMBER,0,Early signs of deterioration
1150,60.933728766237266,AMBER,0,Early signs of deterioration
1151,62.39838831856437,AMBER,0,Early signs of deterioration
1152,61.63019519165431,AMBER,0,Early signs of deterioration
1153,61.14165315449553,AMBER,0,Early signs of deterioration
1154,60.34618373567071,AMBER,0,Early signs of deterioration
1155,61.03699965949045,AMBER,0,Early signs of deterioration
1156,63.85456569670835,AMBER,0,Early signs of deterioration
1157,62.287949054985184,AMBER,0,Early signs of deterioration
1158,65.29516608331112,AMBER,0,Early signs of deterioration
1159,62.85692322958205,AMBER,0,Early signs of deterioration
1160,63.35905065580809,AMBER,0,Early signs of deterioration
1161,64.68291252144897,AMBER,0,Early signs of deterioration
1162,64.59303970381518,AMBER,0,Early signs of deterioration
1163,65.59819478917535,AMBER,0,Early signs of deterioration
1164,66.54501802130874,AMBER,0,Early signs of deterioration
1165,65.17361361388066,AMBER,0,Early signs of deterioration
1166,66.7357963771619,AMBER,0,Early signs of deterioration
1167,71.24141266553795,RED,1,Critical risk: elevated heart rate and low oxygen levels
1168,71.66514715485408,RED,1,Critical risk: elevated heart rate and low oxygen levels
1169,72.01943450219818,RED,1,Critical risk: elevated heart rate and low oxygen levels
1170,72.83876849309536,RED,1,Critical risk: elevated heart rate and low oxygen levels
1171,73.33330696894578,RED,1,Critical risk: elevated heart rate and low oxygen levels
1172,72.6552015144201,RED,1,Critical risk: elevated heart rate and low oxygen levels
1173,68.87257391424541,AMBER,0,Early signs of deterioration
1174,68.85083631082215,AMBER,0,Early signs of deterioration
1175,70.02189694301475,RED,1,Critical risk: elevated heart rate and low oxygen levels
1176,70.93748244522236,RED,1,Critical risk: elevated heart rate and low oxygen levels
1177,69.80640495872115,AMBER,0,Early signs of deterioration
1178,70.02738975138244,RED,1,Critical risk: elevated heart rate and low oxygen levels
1179,69.87368063459476,AMBER,0,Early signs of deterioration
1180,68.8825036278697,AMBER,0,Early signs of deterioration
1181,69.24769061264385,AMBER,0,Early signs of deterioration
1182,68.81502251207698,AMBER,0,Early signs of deterioration
1183,68.934581077259,AMBER,0,Early signs of deterioration
1184,68.73361887867864,AMBER,0,Early signs of deterioration
1185,70.45703142835339,RED,1,Critical risk: elevated heart rate and low oxygen levels
1186,71.56739977491127,RED,1,Critical risk: elevated heart rate and low oxygen levels
1187,70.00617341935668,RED,1,Critical risk: elevated heart rate and low oxygen levels
1188,70.10298675995618,RED,1,Critical risk: elevated heart rate and low oxygen levels
1189,67.45842622052723,AMBER,0,Early signs of deterioration
1190,68.9260664761715,AMBER,0,Early signs of deterioration
1191,69.05238407838169,AMBER,0,Early signs of deterioration
1192,66.80312211217219,AMBER,0,Early signs of deterioration
1193,65.71613506492504,AMBER,0,Early signs of deterioration
1194,65.48420563150822,AMBER,0,Early signs of deterioration
1195,67.82818215201831,AMBER,0,Early signs of deterioration
1196,68.65809486883283,AMBER,0,Early signs of deterioration
1197,65.35491263411812,AMBER,0,Early signs of deterioration
1198,65.42247173556134,AMBER,0,Early signs of deterioration
1199,66.06962176114568,AMBER,0,Early signs of deterioration
1200,70.41543329150338,RED,1,Critical risk: elevated heart rate and low oxygen levels
1201,72.11736302360548,RED,1,Critical risk: elevated heart rate and low oxygen levels
1202,73.69010323279387,RED,1,Critical risk: elevated heart rate and low oxygen levels
1203,77.09141886890312,RED,1,Critical risk: elevated heart rate and low oxygen levels
1204,78.67897783192183,RED,1,Critical risk: elevated heart rate and low oxygen levels
1205,81.29458734742651,RED,1,Critical risk: elevated heart rate and low oxygen levels
1206,82.34897278421634,RED,1,Critical risk: elevated heart rate and low oxygen levels
1207,84.50677561803236,RED,1,Critical risk: elevated heart rate and low oxygen levels
1208,85.66338020147501,RED,1,Critical risk: elevated heart rate and low oxygen levels
1209,85.75788035419153,RED,1,Critical risk: elevated heart rate and low oxygen levels
1210,87.98495244074645,RED,1,Critical risk: elevated heart rate and low oxygen levels
1211,86.57686435813456,RED,1,Critical risk: elevated heart rate and low oxygen levels
1212,88.1347831141634,RED,1,Critical risk: elevated heart rate and low oxygen levels
1213,88.53794662556771,RED,1,Critical risk: elevated heart rate and low oxygen levels
1214,89.46010301078873,RED,1,Critical risk: elevated heart rate and low oxygen levels
1215,87.39141622844765,RED,1,Critical risk: elevated heart rate and low oxygen levels
1216,85.53826732285597,RED,1,Critical risk: elevated heart rate and low oxygen levels
1217,85.74796168311066,RED,1,Critical risk: elevated heart rate and low oxygen levels
1218,84.37155586989746,RED,1,Critical risk: elevated heart rate and low oxygen levels
1219,85.66243403077183,RED,1,Critical risk: elevated heart rate and low oxygen levels
1220,83.09755113485728,RED,1,Critical risk: elevated heart rate and low oxygen levels
1221,81.52110202526488,RED,1,Critical risk: elevated heart rate and low oxygen levels
1222,80.40229932602665,RED,1,Critical risk: elevated heart rate and low oxygen levels
1223,79.16418686950774,RED,1,Critical risk: elevated heart rate and low oxygen levels
1224,77.09306577138719,RED,1,Critical risk: elevated heart rate and low oxygen levels
1225,75.60769157760524,RED,1,Critical risk: elevated heart rate and low oxygen levels
1226,72.48194887087183,RED,1,Critical risk: elevated heart rate and low oxygen levels
1227,69.75985280032722,AMBER,0,Early signs of deterioration
1228,65.25212574341872,AMBER,0,Early signs of deterioration
1229,60.83231053981981,AMBER,0,Early signs of deterioration
1230,60.489319511325874,AMBER,0,Early signs of deterioration
1231,58.841999222768635,AMBER,0,Early signs of deterioration
1232,58.05898587842033,AMBER,0,Early signs of deterioration
1233,57.37168394927658,AMBER,0,Early signs of deterioration
1234,54.64409972469594,AMBER,0,Early signs of deterioration
1235,57.06531836630076,AMBER,0,Early signs of deterioration
1236,56.76927169804289,AMBER,0,Early signs of deterioration
1237,57.00337912247999,AMBER,0,Early signs of deterioration
1238,56.64213469735597,AMBER,0,Early signs of deterioration
1239,56.74351483167348,AMBER,0,Early signs of deterioration
1240,57.62121928425428,AMBER,0,Early signs of deterioration
1241,57.77306450065203,AMBER,0,Early signs of deterioration
1242,58.51434511130746,AMBER,0,Early signs of deterioration
1243,56.758278338749534,AMBER,0,Early signs of deterioration
1244,58.42953170488444,AMBER,0,Early signs of deterioration
1245,56.82766012856701,AMBER,0,Early signs of deterioration
1246,56.58175146405638,AMBER,0,Early signs of deterioration
1247,56.26406433335556,AMBER,0,Early signs of deterioration
1248,57.691208267431094,AMBER,0,Early signs of deterioration
1249,58.644230768429736,AMBER,0,Early signs of deterioration
1250,57.59108951398075,AMBER,0,Early signs of deterioration
1251,57.065830676187545,AMBER,0,Early signs of deterioration
1252,58.566532643203814,AMBER,0,Early signs of deterioration
1253,57.25363603835045,AMBER,0,Early signs of deterioration
1254,56.28738012498607,AMBER,0,Early signs of deterioration
1255,55.681045046094695,AMBER,0,Early signs of deterioration
1256,54.8605431417424,AMBER,0,Early signs of deterioration
1257,56.52256655906038,AMBER,0,Early signs of deterioration
1258,55.54874066114374,AMBER,0,Early signs of deterioration
1259,53.7923767962081,AMBER,0,Early signs of deterioration
1260,53.99502006066507,AMBER,0,Early signs of deterioration
1261,53.28672679148113,AMBER,0,Early signs of deterioration
1262,52.98032355099697,AMBER,0,Early signs of deterioration
1263,54.76979908713026,AMBER,0,Early signs of deterioration
1264,56.30161420297492,AMBER,0,Early signs of deterioration
1265,55.13154885798815,AMBER,0,Early signs of deterioration
1266,55.67852895661717,AMBER,0,Early signs of deterioration
1267,55.467887389950754,AMBER,0,Early signs of deterioration
1268,55.59647773048385,AMBER,0,Early signs of deterioration
1269,55.27426137080124,AMBER,0,Early signs of deterioration
1270,57.43636083904176,AMBER,0,Early signs of deterioration
1271,58.481836565566006,AMBER,0,Early signs of deterioration
1272,60.78942333813125,AMBER,0,Early signs of deterioration
1273,58.271685269825,AMBER,0,Early signs of deterioration
1274,59.09431068227163,AMBER,0,Early signs of deterioration
1275,56.32953028995361,AMBER,0,Early signs of deterioration
1276,56.16602055503157,AMBER,0,Early signs of deterioration
1277,55.28524495950972,AMBER,0,Early signs of deterioration
1278,54.237960551440274,AMBER,0,Early signs of deterioration
1279,54.20058112054111,AMBER,0,Early signs of deterioration
1280,53.99734679396711,AMBER,0,Early signs of deterioration
1281,52.22902362726384,AMBER,0,Early signs of deterioration
1282,51.467513268325,AMBER,0,Early signs of deterioration
1283,50.53766877133961,AMBER,0,Early signs of deterioration
1284,49.12304381608534,AMBER,0,Early signs of deterioration
1285,49.525970491330426,AMBER,0,Early signs of deterioration
1286,49.888248115832056,AMBER,0,Early signs of deterioration
1287,49.85180942211696,AMBER,0,Early signs of deterioration
1288,49.26531278347393,AMBER,0,Early signs of deterioration
1289,49.701666144997866,AMBER,0,Early signs of deterioration
1290,49.3565437091406,AMBER,0,Early signs of deterioration
1291,49.836769749397206,AMBER,0,Early signs of deterioration
1292,51.49270564154459,AMBER,0,Early signs of deterioration
1293,50.005466212793834,AMBER,0,Early signs of deterioration
1294,48.14497945739138,AMBER,0,Early signs of deterioration
1295,48.50895720964773,AMBER,0,Early signs of deterioration
1296,48.179208471536064,AMBER,0,Early signs of deterioration
1297,48.82239548412831,AMBER,0,Early signs of deterioration
1298,46.836236105413185,AMBER,0,Early signs of deterioration
1299,46.7575250099672,AMBER,0,Early signs of deterioration
1300,46.1235388998619,AMBER,0,Early signs of deterioration
1301,45.68067349218413,AMBER,0,Early signs of deterioration
1302,47.63573115881575,AMBER,0,Early signs of deterioration
1303,48.05242350192555,AMBER,0,Early signs of deterioration
1304,47.39655362212558,AMBER,0,Early signs of deterioration
1305,46.50021710885289,AMBER,0,Early signs of deterioration
1306,46.394982722681185,AMBER,0,Early signs of deterioration
1307,47.39459127552959,AMBER,0,Early signs of deterioration
1308,47.48801511294831,AMBER,0,Early signs of deterioration
1309,48.881640136146245,AMBER,0,Early signs of deterioration
1310,48.85640971369233,AMBER,0,Early signs of deterioration
1311,47.40351378634691,AMBER,0,Early signs of deterioration
1312,46.302999155592985,AMBER,0,Early signs of deterioration
1313,46.499845573145834,AMBER,0,Early signs of deterioration
1314,46.55674089477095,AMBER,0,Early signs of deterioration
1315,45.80032352412452,AMBER,0,Early signs of deterioration
1316,46.52330094240247,AMBER,0,Early signs of deterioration
1317,46.67612579052414,AMBER,0,Early signs of deterioration
1318,46.280775003080755,AMBER,0,Early signs of deterioration
1319,46.09390246511343,AMBER,0,Early signs of deterioration
1320,46.20849117002309,AMBER,0,Early signs of deterioration
1321,48.1067413302359,AMBER,0,Early signs of deterioration
1322,48.596003596508325,AMBER,0,Early signs of deterioration
1323,47.91560554902095,AMBER,0,Early signs of deterioration
1324,48.10582603590085,AMBER,0,Early signs of deterioration
1325,45.96825126866852,AMBER,0,Early signs of deterioration
1326,46.03198330073453,AMBER,0,Early signs of deterioration
1327,46.28536551826936,AMBER,0,Early signs of deterioration
1328,49.34739952711352,AMBER,0,Early signs of deterioration
1329,49.89604233828436,AMBER,0,Early signs of deterioration
1330,49.84868221908102,AMBER,0,Early signs of deterioration
1331,48.58394466959586,AMBER,0,Early signs of deterioration
1332,49.94575554832303,AMBER,0,Early signs of deterioration
1333,50.129319275584464,AMBER,0,Early signs of deterioration
1334,49.875235145002016,AMBER,0,Early signs of deterioration
1335,49.989836479212194,AMBER,0,Early signs of deterioration
1336,49.82290072774586,AMBER,0,Early signs of deterioration
1337,51.92131202906676,AMBER,0,Early signs of deterioration
1338,51.738363103426465,AMBER,0,Early signs of deterioration
1339,53.88961159153412,AMBER,0,Early signs of deterioration
1340,52.39665276562337,AMBER,0,Early signs of deterioration
1341,51.623316978419936,AMBER,0,Early signs of deterioration
1342,51.670712187317065,AMBER,0,Early signs of deterioration
1343,52.17486970214669,AMBER,0,Early signs of deterioration
1344,53.34590984303403,AMBER,0,Early signs of deterioration
1345,52.71695960444282,AMBER,0,Early signs of deterioration
1346,51.517550655926,AMBER,0,Early signs of deterioration
1347,50.84678572639005,AMBER,0,Early signs of deterioration
1348,50.4665816157173,AMBER,0,Early signs of deterioration
1349,49.90976409096869,AMBER,0,Early signs of deterioration
1350,50.34163959865806,AMBER,0,Early signs of deterioration
1351,50.03758837469969,AMBER,0,Early signs of deterioration
1352,49.17513464328613,AMBER,0,Early signs of deterioration
1353,48.991187463418626,AMBER,0,Early signs of deterioration
1354,49.37773782413694,AMBER,0,Early signs of deterioration
1355,51.75495557174793,AMBER,0,Early signs of deterioration
1356,50.76613886235549,AMBER,0,Early signs of deterioration
1357,50.822799836278534,AMBER,0,Early signs of deterioration
1358,50.81426333858984,AMBER,0,Early signs of deterioration
1359,49.58110176643255,AMBER,0,Early signs of deterioration
1360,49.65456236513136,AMBER,0,Early signs of deterioration
1361,49.67493940116315,AMBER,0,Early signs of deterioration
1362,48.27777294535049,AMBER,0,Early signs of deterioration
1363,48.475478204484766,AMBER,0,Early signs of deterioration
1364,48.07297020671395,AMBER,0,Early signs of deterioration
1365,45.66835412710486,AMBER,0,Early signs of deterioration
1366,45.803595666378534,AMBER,0,Early signs of deterioration
1367,46.85560621470154,AMBER,0,Early signs of deterioration
1368,46.38774192424058,AMBER,0,Early signs of deterioration
1369,46.17028293940799,AMBER,0,Early signs of deterioration
1370,44.482355250338266,AMBER,0,Early signs of deterioration
1371,44.12803182503882,AMBER,0,Early signs of deterioration
1372,44.90412169456442,AMBER,0,Early signs of deterioration
1373,46.37722314693538,AMBER,0,Early signs of deterioration
1374,46.23120824876629,AMBER,0,Early signs of deterioration
1375,44.40642894038478,AMBER,0,Early signs of deterioration
1376,46.11192741214151,AMBER,0,Early signs of deterioration
1377,46.11475801530128,AMBER,0,Early signs of deterioration
1378,46.25563822234701,AMBER,0,Early signs of deterioration
1379,44.85505306307163,AMBER,0,Early signs of deterioration
1380,45.164307751670655,AMBER,0,Early signs of deterioration
1381,47.234654948163424,AMBER,0,Early signs of deterioration
1382,50.29240516196471,AMBER,0,Early signs of deterioration
1383,51.564222391719184,AMBER,0,Early signs of deterioration
1384,55.13192938002205,AMBER,0,Early signs of deterioration
1385,52.37235599998082,AMBER,0,Early signs of deterioration
1386,53.33019067030784,AMBER,0,Early signs of deterioration
1387,54.45312248414311,AMBER,0,Early signs of deterioration
1388,55.99300385203338,AMBER,0,Early signs of deterioration
1389,54.3122830633778,AMBER,0,Early signs of deterioration
1390,52.65202912947749,AMBER,0,Early signs of deterioration
1391,50.32120327172486,AMBER,0,Early signs of deterioration
1392,49.64445898230215,AMBER,0,Early signs of deterioration
1393,48.73857604118913,AMBER,0,Early signs of deterioration
1394,46.70319575550734,AMBER,0,Early signs of deterioration
1395,44.69866509656975,AMBER,0,Early signs of deterioration
1396,45.24470752935441,AMBER,0,Early signs of deterioration
1397,45.74212041968438,AMBER,0,Early signs of deterioration
1398,45.926768557863234,AMBER,0,Early signs of deterioration
1399,48.45900685963524,AMBER,0,Early signs of deterioration
1400,47.92577541762974,AMBER,0,Early signs of deterioration
1401,47.48513115190912,AMBER,0,Early signs of deterioration
1402,48.31775071102235,AMBER,0,Early signs of deterioration
1403,49.63334030241547,AMBER,0,Early signs of deterioration
1404,49.8089416087793,AMBER,0,Early signs of deterioration
1405,52.546731849823175,AMBER,0,Early signs of deterioration
1406,51.84779887998891,AMBER,0,Early signs of deterioration
1407,51.22324949866465,AMBER,0,Early signs of deterioration
1408,53.23522092345401,AMBER,0,Early signs of deterioration
1409,52.309623138566835,AMBER,0,Early signs of deterioration
1410,51.199255071578975,AMBER,0,Early signs of deterioration
1411,48.8376439306775,AMBER,0,Early signs of deterioration
1412,46.60971985611212,AMBER,0,Early signs of deterioration
1413,45.54524941095554,AMBER,0,Early signs of deterioration
1414,44.52454678089646,AMBER,0,Early signs of deterioration
1415,44.78847511947566,AMBER,0,Early signs of deterioration
1416,45.28997154462546,AMBER,0,Early signs of deterioration
1417,47.73791844075029,AMBER,0,Early signs of deterioration
1418,49.42002368319981,AMBER,0,Early signs of deterioration
1419,47.4734070761422,AMBER,0,Early signs of deterioration
1420,46.872750829944806,AMBER,0,Early signs of deterioration
1421,47.26833911332258,AMBER,0,Early signs of deterioration
1422,47.29354844255075,AMBER,0,Early signs of deterioration
1423,45.97834533093632,AMBER,0,Early signs of deterioration
1424,47.79283561606832,AMBER,0,Early signs of deterioration
1425,47.89252959334504,AMBER,0,Early signs of deterioration
1426,48.35074937103491,AMBER,0,Early signs of deterioration
1427,47.46722243103984,AMBER,0,Early signs of deterioration
1428,47.63150302917057,AMBER,0,Early signs of deterioration
1429,49.47772335249535,AMBER,0,Early signs of deterioration
1430,49.2849166183782,AMBER,0,Early signs of deterioration
1431,47.81217191797107,AMBER,0,Early signs of deterioration
1432,46.79538369775788,AMBER,0,Early signs of deterioration
1433,46.35338445452397,AMBER,0,Early signs of deterioration
1434,46.753975200672045,AMBER,0,Early signs of deterioration
1435,47.998770531203114,AMBER,0,Early signs of deterioration
1436,47.678655371913635,AMBER,0,Early signs of deterioration
1437,46.12946091332361,AMBER,0,Early signs of deterioration
1438,46.35557476979036,AMBER,0,Early signs of deterioration
1439,46.74848772517561,AMBER,0,Early signs of deterioration
1440,45.89613747429229,AMBER,0,Early signs of deterioration
1441,45.754105718348704,AMBER,0,Early signs of deterioration
1442,47.11223281962415,AMBER,0,Early signs of deterioration
1443,47.543207273169536,AMBER,0,Early signs of deterioration
1444,46.83168788214544,AMBER,0,Early signs of deterioration
1445,45.033064565305246,AMBER,0,Early signs of deterioration
1446,44.30863086159744,AMBER,0,Early signs of deterioration
1447,43.59099756655148,AMBER,0,Early signs of deterioration
1448,43.59128924499978,AMBER,0,Early signs of deterioration
1449,43.02293328431368,AMBER,0,Early signs of deterioration
1450,42.45578312885027,AMBER,0,Early signs of deterioration
1451,42.02672263639043,AMBER,0,Early signs of deterioration
1452,42.10268829881327,AMBER,0,Early signs of deterioration
1453,45.1735446270893,AMBER,0,Early signs of deterioration
1454,44.77578582562709,AMBER,0,Early signs of deterioration
1455,45.03222374239011,AMBER,0,Early signs of deterioration
1456,42.8916045263254,AMBER,0,Early signs of deterioration
1457,43.12896115882438,AMBER,0,Early signs of deterioration
1458,43.01671871239862,AMBER,0,Early signs of deterioration
1459,43.307542186706954,AMBER,0,Early signs of deterioration
1460,41.905306844925576,AMBER,0,Early signs of deterioration
1461,41.92109591503331,AMBER,0,Early signs of deterioration
1462,41.38942658543704,AMBER,0,Early signs of deterioration
1463,39.86811937186527,GREEN,0,Vitals stable
1464,40.62101024886688,AMBER,0,Early signs of deterioration
1465,40.230502129374045,AMBER,0,Early signs of deterioration
1466,39.80408150123513,GREEN,0,Vitals stable
1467,39.27630789608905,GREEN,0,Vitals stable
1468,38.85336135748451,GREEN,0,Vitals stable
1469,38.67016912582935,GREEN,0,Vitals stable
1470,38.80100787876883,GREEN,0,Vitals stable
1471,38.81167245410552,GREEN,0,Vitals stable
1472,38.97809179609611,GREEN,0,Vitals stable
1473,40.95929272334946,AMBER,0,Early signs of deterioration
1474,39.83322759790966,GREEN,0,Vitals stable
1475,38.751072633448935,GREEN,0,Vitals stable
1476,38.225166194997776,GREEN,0,Vitals stable
1477,38.96398951319015,GREEN,0,Vitals stable
1478,38.77368445211984,GREEN,0,Vitals stable
1479,39.467474407517706,GREEN,0,Vitals stable
1480,38.535345793834,GREEN,0,Vitals stable
1481,38.521725404370684,GREEN,0,Vitals stable
1482,39.26440068775936,GREEN,0,Vitals stable
1483,39.61728315433659,GREEN,0,Vitals stable
1484,39.93471240504299,GREEN,0,Vitals stable
1485,42.153982005853955,AMBER,0,Early signs of deterioration
1486,41.02307371109609,AMBER,0,Early signs of deterioration
1487,40.51575559647496,AMBER,0,Early signs of deterioration
1488,42.41230892434635,AMBER,0,Early signs of deterioration
1489,40.215964959702504,AMBER,0,Early signs of deterioration
1490,40.181169893791534,AMBER,0,Early signs of deterioration
1491,40.07484980164641,AMBER,0,Early signs of deterioration
1492,39.90779277838536,GREEN,0,Vitals stable
1493,41.62186004383719,AMBER,0,Early signs of deterioration
1494,41.50153115795054,AMBER,0,Early signs of deterioration
1495,39.44951687805124,GREEN,0,Vitals stable
1496,39.13439830267382,GREEN,0,Vitals stable
1497,39.2452370327382,GREEN,0,Vitals stable
1498,38.9177120452072,GREEN,0,Vitals stable
1499,38.38278756521858,GREEN,0,Vitals stable
1500,39.467175501356536,GREEN,0,Vitals stable
1501,39.301909013696694,GREEN,0,Vitals stable
1502,39.96506573833635,GREEN,0,Vitals stable
1503,38.69765962907909,GREEN,0,Vitals stable
1504,38.305805779500616,GREEN,0,Vitals stable
1505,38.3122851577316,GREEN,0,Vitals stable
1506,39.70063349288351,GREEN,0,Vitals stable
1507,39.64300886981908,GREEN,0,Vitals stable
1508,39.52243702741482,GREEN,0,Vitals stable
1509,38.82038194463029,GREEN,0,Vitals stable
1510,39.5200365543224,GREEN,0,Vitals stable
1511,37.787653683154424,GREEN,0,Vitals stable
1512,38.10983805535413,GREEN,0,Vitals stable
1513,39.346212947153774,GREEN,0,Vitals stable
1514,38.97420576262722,GREEN,0,Vitals stable
1515,39.82622012795976,GREEN,0,Vitals stable
1516,41.62424971219816,AMBER,0,Early signs of deterioration
1517,40.9358446019884,AMBER,0,Early signs of deterioration
1518,41.98632892137642,AMBER,0,Early signs of deterioration
1519,40.37348609221248,AMBER,0,Early signs of deterioration
1520,39.60776405474647,GREEN,0,Vitals stable
1521,39.02604975819647,GREEN,0,Vitals stable
1522,38.45718775459479,GREEN,0,Vitals stable
1523,42.1746001174239,AMBER,0,Early signs of deterioration
1524,42.65041811146574,AMBER,0,Early signs of deterioration
1525,40.70966814335937,AMBER,0,Early signs of deterioration
1526,41.41189634032598,AMBER,0,Early signs of deterioration
1527,42.41187723185898,AMBER,0,Early signs of deterioration
1528,41.75199875096149,AMBER,0,Early signs of deterioration
1529,41.25999466552666,AMBER,0,Early signs of deterioration
1530,43.198139659546,AMBER,0,Early signs of deterioration
1531,42.36006762645974,AMBER,0,Early signs of deterioration
1532,43.38656294595242,AMBER,0,Early signs of deterioration
1533,44.07262825495142,AMBER,0,Early signs of deterioration
1534,42.387026587836985,AMBER,0,Early signs of deterioration
1535,41.91531333309362,AMBER,0,Early signs of deterioration
1536,43.792365429082544,AMBER,0,Early signs of deterioration
1537,43.12034351831326,AMBER,0,Early signs of deterioration
1538,41.76842515320964,AMBER,0,Early signs of deterioration
1539,41.010145630501306,AMBER,0,Early signs of deterioration
1540,41.426614867760854,AMBER,0,Early signs of deterioration
1541,42.0398811514074,AMBER,0,Early signs of deterioration
1542,42.33268219834388,AMBER,0,Early signs of deterioration
1543,41.05799860959618,AMBER,0,Early signs of deterioration
1544,40.677979107871,AMBER,0,Early signs of deterioration
1545,40.41720842066567,AMBER,0,Early signs of deterioration
1546,41.577906538271954,AMBER,0,Early signs of deterioration
1547,40.79823996287885,AMBER,0,Early signs of deterioration
1548,40.67583584331202,AMBER,0,Early signs of deterioration
1549,39.815093528033294,GREEN,0,Vitals stable
1550,39.744714240840715,GREEN,0,Vitals stable
1551,39.873887601226386,GREEN,0,Vitals stable
1552,40.95439301146667,AMBER,0,Early signs of deterioration
1553,41.23340318608758,AMBER,0,Early signs of deterioration
1554,40.053635693937856,AMBER,0,Early signs of deterioration
1555,40.670425905696305,AMBER,0,Early signs of deterioration
1556,40.43998940940357,AMBER,0,Early signs of deterioration
1557,38.78886407657341,GREEN,0,Vitals stable
1558,36.94785350052334,GREEN,0,Vitals stable
1559,37.75610316986282,GREEN,0,Vitals stable
1560,39.24919638790185,GREEN,0,Vitals stable
1561,38.94221421795105,GREEN,0,Vitals stable
1562,39.446947841269775,GREEN,0,Vitals stable
1563,42.03185842774422,AMBER,0,Early signs of deterioration
1564,45.47171025520429,AMBER,0,Early signs of deterioration
1565,46.10364238631168,AMBER,0,Early signs of deterioration
1566,44.676855096836896,AMBER,0,Early signs of deterioration
1567,43.20219545971665,AMBER,0,Early signs of deterioration
1568,43.06681207236206,AMBER,0,Early signs of deterioration
1569,40.41708851905129,AMBER,0,Early signs of deterioration
1570,39.8477313008614,GREEN,0,Vitals stable
1571,39.05529708539611,GREEN,0,Vitals stable
1572,39.484323901816154,GREEN,0,Vitals stable
1573,39.62993863531658,GREEN,0,Vitals stable
1574,40.59690935813569,AMBER,0,Early signs of deterioration
1575,41.235601112186416,AMBER,0,Early signs of deterioration
1576,41.08447890041381,AMBER,0,Early signs of deterioration
1577,41.187901765169855,AMBER,0,Early signs of deterioration
1578,39.91842818559044,GREEN,0,Vitals stable
1579,40.28198474484062,AMBER,0,Early signs of deterioration
1580,41.021721669362854,AMBER,0,Early signs of deterioration
1581,42.35343400361108,AMBER,0,Early signs of deterioration
1582,42.29061767104482,AMBER,0,Early signs of deterioration
1583,42.77941908801951,AMBER,0,Early signs of deterioration
1584,43.806561751290744,AMBER,0,Early signs of deterioration
1585,44.60608579087769,AMBER,0,Early signs of deterioration
1586,45.717015038194496,AMBER,0,Early signs of deterioration
1587,44.326095975442605,AMBER,0,Early signs of deterioration
1588,45.892911826829874,AMBER,0,Early signs of deterioration
1589,47.429923801949,AMBER,0,Early signs of deterioration
1590,46.896249976148255,AMBER,0,Early signs of deterioration
1591,45.870418579446486,AMBER,0,Early signs of deterioration
1592,43.49209106784914,AMBER,0,Early signs of deterioration
1593,39.92208393392917,GREEN,0,Vitals stable
1594,39.06469168336172,GREEN,0,Vitals stable
1595,38.70445514852448,GREEN,0,Vitals stable
1596,38.530998422894136,GREEN,0,Vitals stable
1597,38.74948825181749,GREEN,0,Vitals stable
1598,38.66190856888033,GREEN,0,Vitals stable
1599,38.922381345584576,GREEN,0,Vitals stable
1600,38.5237437895253,GREEN,0,Vitals stable
1601,38.02729961712294,GREEN,0,Vitals stable
1602,38.49702094609203,GREEN,0,Vitals stable
1603,37.11099266757796,GREEN,0,Vitals stable
1604,35.9159735912693,GREEN,0,Vitals stable
1605,38.16218683015785,GREEN,0,Vitals stable
1606,39.26429920929557,GREEN,0,Vitals stable
1607,39.027341637409585,GREEN,0,Vitals stable
1608,37.77957126265269,GREEN,0,Vitals stable
1609,38.16062642461419,GREEN,0,Vitals stable
1610,38.125614497123735,GREEN,0,Vitals stable
1611,38.62769962297341,GREEN,0,Vitals stable
1612,39.09791277459003,GREEN,0,Vitals stable
1613,40.71875413756995,AMBER,0,Early signs of deterioration
1614,39.75240213562198,GREEN,0,Vitals stable
1615,38.47836554279438,GREEN,0,Vitals stable
1616,39.15500600651319,GREEN,0,Vitals stable
1617,39.29137148033654,GREEN,0,Vitals stable
1618,38.77315398134855,GREEN,0,Vitals stable
1619,39.1176703805627,GREEN,0,Vitals stable
1620,38.875378469071855,GREEN,0,Vitals stable
1621,40.10060020066173,AMBER,0,Early signs of deterioration
1622,38.01799139165924,GREEN,0,Vitals stable
1623,36.853543457789975,GREEN,0,Vitals stable
1624,36.987935316046766,GREEN,0,Vitals stable
1625,36.67883310194243,GREEN,0,Vitals stable
1626,35.4340269931905,GREEN,0,Vitals stable
1627,36.69798871710218,GREEN,0,Vitals stable
1628,36.590137817741905,GREEN,0,Vitals stable
1629,35.791073170104475,GREEN,0,Vitals stable
1630,35.04215321837469,GREEN,0,Vitals stable
1631,34.45769308985014,GREEN,0,Vitals stable
1632,34.82862789447573,GREEN,0,Vitals stable
1633,35.02108506555824,GREEN,0,Vitals stable
1634,35.87802510896692,GREEN,0,Vitals stable
1635,34.99741956473834,GREEN,0,Vitals stable
1636,34.147296982666745,GREEN,0,Vitals stable
1637,34.73067673467269,GREEN,0,Vitals stable
1638,33.61592086026056,GREEN,0,Vitals stable
1639,35.1557536949051,GREEN,0,Vitals stable
1640,35.3237460952409,GREEN,0,Vitals stable
1641,34.72899621582869,GREEN,0,Vitals stable
1642,33.83193716511797,GREEN,0,Vitals stable
1643,32.72952615460786,GREEN,0,Vitals stable
1644,33.478163874144826,GREEN,0,Vitals stable
1645,34.8713432617005,GREEN,0,Vitals stable
1646,36.09448943963674,GREEN,0,Vitals stable
1647,35.33475938319914,GREEN,0,Vitals stable
1648,36.08966202584411,GREEN,0,Vitals stable
1649,35.199925558096226,GREEN,0,Vitals stable
1650,35.7081611028238,GREEN,0,Vitals stable
1651,34.60215097393047,GREEN,0,Vitals stable
1652,34.33915475617787,GREEN,0,Vitals stable
1653,34.331268623449134,GREEN,0,Vitals stable
1654,35.3199825672573,GREEN,0,Vitals stable
1655,35.420978847151886,GREEN,0,Vitals stable
1656,34.776974253825045,GREEN,0,Vitals stable
1657,35.53901717073605,GREEN,0,Vitals stable
1658,35.515053182399825,GREEN,0,Vitals stable
1659,34.60652818127675,GREEN,0,Vitals stable
1660,34.67255786683458,GREEN,0,Vitals stable
1661,33.488884277011174,GREEN,0,Vitals stable
1662,33.32955901657272,GREEN,0,Vitals stable
1663,33.443682076021524,GREEN,0,Vitals stable
1664,33.9146488937249,GREEN,0,Vitals stable
1665,34.67434812147464,GREEN,0,Vitals stable
1666,33.08216336367732,GREEN,0,Vitals stable
1667,33.166933944970644,GREEN,0,Vitals stable
1668,34.28338621818065,GREEN,0,Vitals stable
1669,35.60180623870934,GREEN,0,Vitals stable
1670,33.86802121975822,GREEN,0,Vitals stable
1671,33.889888758166755,GREEN,0,Vitals stable
1672,33.84774945676274,GREEN,0,Vitals stable
1673,33.740149406318736,GREEN,0,Vitals stable
1674,34.90864901395986,GREEN,0,Vitals stable
1675,33.64104391598284,GREEN,0,Vitals stable
1676,35.21620562750266,GREEN,0,Vitals stable
1677,35.99337707268172,GREEN,0,Vitals stable
1678,34.6820284629117,GREEN,0,Vitals stable
1679,34.45375227293901,GREEN,0,Vitals stable
1680,34.09037830616219,GREEN,0,Vitals stable
1681,33.978326528160984,GREEN,0,Vitals stable
1682,33.91938835994319,GREEN,0,Vitals stable
1683,35.103765966723785,GREEN,0,Vitals stable
1684,34.28021401851303,GREEN,0,Vitals stable
1685,33.1960808286174,GREEN,0,Vitals stable
1686,33.45250311341171,GREEN,0,Vitals stable
1687,31.19503967026584,GREEN,0,Vitals stable
1688,31.75564776305489,GREEN,0,Vitals stable
1689,31.173084969640925,GREEN,0,Vitals stable
1690,31.427242146849043,GREEN,0,Vitals stable
1691,31.66012529052994,GREEN,0,Vitals stable
1692,32.71702012458093,GREEN,0,Vitals stable
1693,32.686132050434225,GREEN,0,Vitals stable
1694,33.08083458461378,GREEN,0,Vitals stable
1695,34.44680259406198,GREEN,0,Vitals stable
1696,33.35732552042247,GREEN,0,Vitals stable
1697,33.71049987622353,GREEN,0,Vitals stable
1698,32.56915100419533,GREEN,0,Vitals stable
1699,32.72189890298827,GREEN,0,Vitals stable
1700,30.643817271987764,GREEN,0,Vitals stable
1701,30.7079662921106,GREEN,0,Vitals stable
1702,32.04722514476245,GREEN,0,Vitals stable
1703,34.99279112708241,GREEN,0,Vitals stable
1704,36.45190326926921,GREEN,0,Vitals stable
1705,36.32217880019683,GREEN,0,Vitals stable
1706,37.67438183716541,GREEN,0,Vitals stable
1707,39.5056974193972,GREEN,0,Vitals stable
1708,38.12439193453626,GREEN,0,Vitals stable
1709,41.17153201345656,AMBER,0,Early signs of deterioration
1710,39.28649436800381,GREEN,0,Vitals stable
1711,37.88684402343843,GREEN,0,Vitals stable
1712,36.034480887914825,GREEN,0,Vitals stable
1713,37.03121156026463,GREEN,0,Vitals stable
1714,38.54108126992663,GREEN,0,Vitals stable
1715,36.6870030990219,GREEN,0,Vitals stable
1716,38.92211097975813,GREEN,0,Vitals stable
1717,37.3326212858056,GREEN,0,Vitals stable
1718,38.26212871653628,GREEN,0,Vitals stable
1719,36.74837396286002,GREEN,0,Vitals stable
1720,38.056719134022,GREEN,0,Vitals stable
1721,37.65001478202888,GREEN,0,Vitals stable
1722,38.564892098790025,GREEN,0,Vitals stable
1723,37.53326349334803,GREEN,0,Vitals stable
1724,38.14050904888452,GREEN,0,Vitals stable
1725,38.401139412086295,GREEN,0,Vitals stable
1726,39.51047421831589,GREEN,0,Vitals stable
1727,39.70172725755712,GREEN,0,Vitals stable
1728,37.48660121477142,GREEN,0,Vitals stable
1729,37.9614347095901,GREEN,0,Vitals stable
1730,38.76151905151382,GREEN,0,Vitals stable
1731,37.68996766813469,GREEN,0,Vitals stable
1732,36.43454293440788,GREEN,0,Vitals stable
1733,37.3045328238875,GREEN,0,Vitals stable
1734,36.92211106937318,GREEN,0,Vitals stable
1735,35.748369848323996,GREEN,0,Vitals stable
1736,36.108955052151515,GREEN,0,Vitals stable
1737,36.53845777875067,GREEN,0,Vitals stable
1738,35.027492103147786,GREEN,0,Vitals stable
1739,34.658037683047624,GREEN,0,Vitals stable
1740,37.215218039679705,GREEN,0,Vitals stable
1741,39.79178138873149,GREEN,0,Vitals stable
1742,42.570575160152906,AMBER,0,Early signs of deterioration
1743,46.10274718817832,AMBER,0,Early signs of deterioration
1744,48.29449749422061,AMBER,0,Early signs of deterioration
1745,48.39567196879977,AMBER,0,Early signs of deterioration
1746,45.44395905605598,AMBER,0,Early signs of deterioration
1747,44.20529478394125,AMBER,0,Early signs of deterioration
1748,41.902673776288744,AMBER,0,Early signs of deterioration
1749,43.8237764206961,AMBER,0,Early signs of deterioration
1750,40.41101247487006,AMBER,0,Early signs of deterioration
1751,40.880953901027944,AMBER,0,Early signs of deterioration
1752,37.4316465511042,GREEN,0,Vitals stable
1753,37.088236987910726,GREEN,0,Vitals stable
1754,36.67222789147502,GREEN,0,Vitals stable
1755,36.76185463184261,GREEN,0,Vitals stable
1756,34.08935498237142,GREEN,0,Vitals stable
1757,34.50368430746443,GREEN,0,Vitals stable
1758,35.7988511725491,GREEN,0,Vitals stable
1759,34.918814312118386,GREEN,0,Vitals stable
1760,34.24371812426651,GREEN,0,Vitals stable
1761,35.0270955979165,GREEN,0,Vitals stable
1762,37.79442348125443,GREEN,0,Vitals stable
1763,39.85038729415015,GREEN,0,Vitals stable
1764,42.45650656555827,AMBER,0,Early signs of deterioration
1765,40.7725957659818,AMBER,0,Early signs of deterioration
1766,43.063337302971746,AMBER,0,Early signs of deterioration
1767,45.26534511350232,AMBER,0,Early signs of deterioration
1768,46.50845649468984,AMBER,0,Early signs of deterioration
1769,45.96129214509758,AMBER,0,Early signs of deterioration
1770,46.04251427846447,AMBER,0,Early signs of deterioration
1771,44.47673454791934,AMBER,0,Early signs of deterioration
1772,43.20327463399374,AMBER,0,Early signs of deterioration
1773,42.29129374008931,AMBER,0,Early signs of deterioration
1774,41.60865852432038,AMBER,0,Early signs of deterioration
1775,40.86804475117385,AMBER,0,Early signs of deterioration
1776,40.39297839779842,AMBER,0,Early signs of deterioration
1777,40.936171909085495,AMBER,0,Early signs of deterioration
1778,41.82365530501798,AMBER,0,Early signs of deterioration
1779,38.49983186806323,GREEN,0,Vitals stable
1780,38.368386151063206,GREEN,0,Vitals stable
1781,37.10689295905008,GREEN,0,Vitals stable
1782,39.13350310209994,GREEN,0,Vitals stable
1783,37.74810762509902,GREEN,0,Vitals stable
1784,36.22356760311281,GREEN,0,Vitals stable
1785,35.97727940970618,GREEN,0,Vitals stable
1786,34.8988806601761,GREEN,0,Vitals stable
1787,37.53165438415722,GREEN,0,Vitals stable
1788,37.420993708103126,GREEN,0,Vitals stable
1789,37.79874055285871,GREEN,0,Vitals stable
1790,40.59539720133634,AMBER,0,Early signs of deterioration
1791,41.457684703799714,AMBER,0,Early signs of deterioration
1792,40.64618951775918,AMBER,0,Early signs of deterioration
1793,38.805010450685,GREEN,0,Vitals stable
1794,37.72651302530689,GREEN,0,Vitals stable
1795,40.0851760725841,AMBER,0,Early signs of deterioration
1796,41.84153234354871,AMBER,0,Early signs of deterioration
1797,38.531437590096,GREEN,0,Vitals stable
1798,36.82330648591032,GREEN,0,Vitals stable
1799,35.475914289405345,GREEN,0,Vitals stable
